,,,,,,,,,,
,,,,,,,,,,
‚Ññ,–†–ï–ï–°–¢ –ó–ê–†–ï–ì–ò–°–¢–†–ò–†–û–í–ê–ù–ù–´–• –ë–ê–ó –°–ü5 (–í–ï–î–Å–¢–°–Ø –ú–ò–ù–ò–°–¢–ï–†–°–¢–í–û–ú –Æ–°–¢–ò–¶–ò–ò),,,,,,,,,
,–û–ë–©–ê–Ø –•–ê–†–ê–ö–¢–ï–†–ò–°–¢–ò–ö–ê,,,–ö–û–û–†–î–ò–ù–ê–¢–´,,,,,–†–ï–ì–ò–°–¢–†–ê–¶–ò–Ø –¢–ï–†–†–ò–¢–û–†–ò–ò,
,,,,–í–µ—Ä—Ö–Ω–∏–π –º–∏—Ä,,,–ù–∏–∂–Ω–∏–π –º–∏—Ä,,,
,–ù–∞–∑–≤–∞–Ω–∏–µ,–û–ø–∏—Å–∞–Ω–∏–µ,–í–ª–∞–¥–µ–ª–µ—Ü,X,Z,–†–∞–¥–∏—É—Å,X,Z,–î–∞—Ç–∞,–°—Å—ã–ª–∫–∞ –Ω–∞ –ø–æ—Å—Ç
1,–ß–∞—Å—Ç–Ω–∞—è —Ç–µ—Ä—Ä–∏—Ç–æ—Ä–∏—è,–¢–µ—Ä–∏—Ç–æ—Ä–∏—è  –ø—Ä–µ–Ω–∞–¥–ª–µ–∂–∞—â–∞—è AlESlS,AlESlS,-1350,-8200,500,-170,-1020,13.06.2022,https://vk.com/gepe5?w=wall-131054616_86218%2Fall
2,4E4land,"–º–æ—è –±–∞–∑–∞ –Ω–∞—Ö–æ–¥–∏—Ç—Å—è –Ω–∞ —Ç–µ—Ä—Ä–∏—Ç–æ—Ä–∏–∏ —Å–≥–µ–Ω–µ—Ä–∏—Ä–æ–≤–∞–Ω–Ω–æ–π —è–º—ã –≤ –¥–∂—É–Ω–≥–ª—è—Ö. –Ø –Ω–µ –ø—Ä–æ—Ç–∏–≤ –∑–∞—Å–µ–ª–µ–Ω–∏—è –Ω–∞ —Ç–µ—Ä—Ä—É, –ª–∏—à—å –±—ã –≤—ã –Ω–∞–ø–∏—Å–∞–ª–∏ –º–Ω–µ –æ–± —ç—Ç–æ–º –≥–¥–µ-–Ω–∏–±—É–¥—å, –Ω–∞ —Å–∞–º–æ–π —Ç–µ—Ä—Ä–∏—Ç–æ—Ä–∏–∏ —è —Å—Ç—Ä–æ—é –∞—Ä—Ç—ã –∏ –ø—Ä–æ—á–∏–µ –≤–µ—â–∏. ",deniskor148,7501,7513,2000,948,939,03.06.2022,https://vk.com/wall-131054616_84363
3,–î–∞—á–∞ –¢–∏–¥–∂–µ—Ç–∞,–î–∞—á–∞ –∏–≥—Ä–æ–∫–∞ TiJet_,TiJet_,-3960,1255,200,-495,156,03.06.2022,https://vk.com/wall-131054616_86223
4,–ö—Ä–µ–ø–æ—Å—Ç—å –ú–µ–¥–Ω—ã—Ö –≤—Ä–∞—Ç,–ê–¥—Å–∫–∞—è –∫—Ä–µ–ø–æ—Å—Ç—å –≥–æ—Ä–æ–¥–∞ –º–µ–¥–Ω—ã–µ –≤—Ä–∞—Ç–∞,Ricki_Red,-,-,-,1359,-66,06.06.2022,https://vk.com/wall-131054616_85253
5,–¢–µ—Ä—Ä–∏—Ç–æ—Ä–∏—è LeluShh,–Ø–º–∞. –ü—Ä–æ—Å—Ç–æ —è–º–∞.,LeluShh,4750,8600,500,593,1075,05.06.2022,https://vk.com/topic-131054616_48663772?post=3462
6,–¢–µ—Ä—Ä–∏—Ç–æ—Ä–∏—è –§–æ–Ω–¥–∞,–ë–µ–∑ –æ–ø–∏—Å–∞–Ω–∏—è.,Mr_Tonitro,-4400,8800,500,-550,1100,05.06.2022,https://vk.com/topic-131054616_48663772?post=3476
7,–¢–∞—Ä–¥–∏—Å,–ù—É –∫–∞—Ä–æ—á–∏ –∞–±–æ–±–∫–∞ —Ç–∞–∫–∞—è –ø—Ä–∏—à–ª–∞ –∏ —Å–∫–∞–∑–∞–ª–∞ –≥–µ–Ω–∞ –±–∞–Ω—å –µ–≥–æ –±–∞–Ω—å –±–∞–Ω—å –±—É—Ö –±—É—Ö –±–∞—Ö –±–∞—Ö –±—É–º –±—É–º –∏ –ø–æ—Ç–æ–º –∫–∞—Ä–æ—á–µ —â—è –æ–∫–Ω–æ –∑–∞–∫—Ä–æ—é –Ω—É –∏ –≤—Å–µ —Ö–≤–∞—Ç–∏—Ç –Ω–∞ —Å–µ–≥–æ–¥–Ω—è.,AlekeywchQvber,-3322,4426,1000,-415,552,03.06.2022,vk.com/wall-131054616_83957
8,–≠—Ä–µ–±–æ—Ä,–ë–µ–∑ –æ–ø–∏—Å–∞–Ω–∏—è.,_MRavent,5469,10773,-,676,1346,04.06.2022,
9,Project G.O.R.A,"G.O.R.A. - –∫–æ–º–ø–ª–µ–∫—Å —Ñ–µ—Ä–º —Å –∫—Ä–∞—Å–∏–≤–µ–π—à–∏–º –æ—Ñ–æ—Ä–º–ª–µ–Ω–∏–µ–º, –ø—Ä–æ–¥—É–º–∞–Ω–æ–π –ª–æ–≥–∏c—Ç–∏–∫–æ–π –∏ –†–ü –∏—Å—Ç–æ—Ä–∏–µ–π. G.O.R.A. - –Ω–µ –ø—Ä–æ—Å—Ç–æ —Ñ–µ—Ä–º—ã",LEFSIZ,-3700,4600,1000,-462,575,04.06.2022,https://vk.com/topic-131054616_48663772?post=3142
10,–ö–æ–Ω—Ü–ª–∞–≥–µ—Ä—å –¥–ª—è –≤–æ–µ–Ω–Ω–æ–ø–ª–µ–Ω–Ω—ã—Ö,"–¥–æ–º–∏–∫–∏, —Ñ–µ—Ä–º—ã –∏ –∑–∞–∂–∏–≥–∞—Ç–µ–ª—å–Ω—ã–µ –≤–µ—á–µ—Ä–∏–Ω–∫–∏. –¢–µ—Ä—Ä–∞ –∑–∞–∫—Ä—ã—Ç–∞—è",Pandoch,110,6650,1000,15,835,04.06.2022,https://vk.com/topic-131054616_48663772?post=3165
11,–¢–µ—Ä–ª–∏–∑–∞,–ë–µ–∑ –æ–ø–∏—Å–∞–Ω–∏—è.,_kirl,4892,-1335,2000,600,-158,03.06.2022,https://vk.com/gepe5?w=wall-131054616_83850%2Fall
12,–¢–†–°–ü,"–í–ª–∞–¥–µ–Ω–∏—è –¢–†–°–ü - –ú–µ—Å—Ç–æ, –≥–¥–µ –ª—é–¥–∏ –º–æ–≥—É—Ç –ø—Ä–∏—è—Ç–Ω–æ –ø—Ä–æ–≤–µ—Å—Ç–∏ –≤—Ä–µ–º—è, –Ω–∞–π—Ç–∏ —Å–µ–±–µ –Ω–æ–≤—ã—Ö –¥—Ä—É–∑–µ–π –∏–ª–∏ –∑–Ω–∞–∫–æ–º—ã—Ö, –∞ —Ç–∞–∫ –∂–µ –ø—Ä–∏–Ω—è—Ç—å —É—á–∞—Å—Ç–∏–µ –≤–æ –º–Ω–æ–∂–µ—Å—Ç–≤–µ —Ä–æ–ª–µ–ø–ª–µ–π-–∏–≤–µ–Ω—Ç–∞—Ö –∏ —Ä–∞–∑–ª–∏—á–Ω—ã—Ö —Å–æ–±—ã—Ç–∏—è—Ö, –ø—Ä–æ–∏—Å—Ö–æ–¥—è—â–∏—Ö –≤ –¢–†–°–ü –∫–∞–∂–¥—ã–π –¥–µ–Ω—å.",Qugerts_,13200,-4400,1000,1650,-550,03.06.2022,https://vk.com/wall-131054616_83924
13,–¢–∏–ø–æ–Ø–º–∞,–õ—é—Ç—ã–µ –∑–∞–±–∏–≤–µ—Ä—ã —Å 2b2t,_kirl,4280,240,1000,535,30,06.06.2022,https://vk.com/topic-131054616_48663772?post=3648
14,–Ø–º–∞ –ë–æ—Ä–æ–≤–∞,"–ë–∞–∑–∞ –∫–æ–º–ø–∞–Ω–∏–∏ –¥—Ä—É–∑–µ–π, –∫–æ—Ç–æ—Ä–∞—è –ø–µ—Ä–µ–Ω—è–ª–∞ –Ω–∞–∑–≤–∞–Ω–∏–µ —Å –°–ü4",Borov_TF,-1900,-3300,2000,-200,-407,08.06.2022,https://vk.com/topic-131054616_48663772?post=3773
15,–ë–∞–∑–∞ –≤–∏–ø—Å–∞,"–Ω–∞ —ç—Ç–æ–π —Ç–µ—Ä—Ä–∏—Ç–æ—Ä–∏–∏ –∂–∏–≤–µ—Ç –≤–∏–ø—Å, –∂–µ—Å—Ç–∫–∏–π –∫–µ–Ω—Ç, –æ–Ω —Ç–∞–º —Å–Ω–∏–º–∞–µ—Ç –≤–∏–¥–æ—Å—ã, –¥–µ–ª–∞–µ—Ç –∫–æ–Ω—Ç–µ–Ω—Ç, —Å—Ç—Ä–∏–º–∏—Ç, –Ω–∞–±–∏—Ä–∞–µ—Ç –¥—Ä—É–∑–µ–π –≤ —Å–∞–¥–æ–≤–æ–µ —Å–æ–¥—Ä—É–∂–µ—Å—Ç–≤–æ –∏ –∫–∞–π—Ñ—É–µ—Ç",VIPSSS,6350,-8540,1000,790,-1075,05.06.2022,https://vk.com/topic-131054616_48663772?post=3440
16,Ahue,–ë–µ–∑ –æ–ø–∏—Å–∞–Ω–∏—è.,Ogryzok,10404,10004,2000,1297,1241,08.06.2022,https://vk.com/topic-131054616_48663772?post=3726
17,–¢–µ—Ä—Ä–∏—Ç–æ—Ä–∏—è Vilka1909,"–¢–µ—Ä—Ä–∏—Ç–æ—Ä–∏—è –¥–ª—è –ø–æ—Å—Ç—Ä–æ–µ–∫, —Ñ–µ—Ä–º –∏ —Ç.–¥.",Vilka1909,8132,8437,1000,1020,1063,03.06.2022,https://vk.com/gepe5?w=wall-131054616_84061%2Fall
18,Mypale,"–†–∞–∑–≤–ª–µ–∫–∞—Ç–µ–ª—å–Ω—ã–π —Ü–µ–Ω—Ç—Ä –≤–∞—à–µ–π –º–µ—á—Ç—ã, –≤ –∫–æ—Ç–æ—Ä–æ–º –≤—ã —Å–º–æ–∂–µ—Ç–µ –ø—Ä–µ–∫—Ä–∞—Å—Ç–Ω–æ –ø—Ä–æ–≤–µ—Å—Ç–∏ –≤—Ä–µ–º—è —Å –¥—Ä—É–∑—å—è–º–∏, –∞ –µ—Å–ª–∏ –∏—Ö –Ω–µ—Ç, —Ç–æ –Ω–∞–π—Ç–∏ –∏—Ö –∑–¥–µ—Å—å –∂–µ!",Meroyy,1000,-5500,150,111,-666,03.06.2022,https://vk.com/topic-131054616_48663772?post=3082
19,"–ë–∞–∑–∞ ""–ü—Ä–∏–ø—è—Ç—å-17""",–í–Ω–∏–º–∞–Ω–∏–µ! –í—ã –Ω–∞—Ö–æ–¥–∏—Ç–µ—Å—å –≤–æ–∑–ª–µ –∑–∞–∫—Ä—ã—Ç–æ–≥–æ –ø–µ—Ä–∏–º–µ—Ç—Ä–∞ –ó–æ–Ω—ã —ç–∫–æ–ª–æ–≥–∏—á–µ—Å–∫–æ–≥–æ –±–µ–¥—Å—Ç–≤–∏—è!  ,stalk3ro4ek,-860,-5430,350,-111,-705,15.06.2022,https://vk.com/wall-131054616_86277
20,–ó–ê–ë–ê–ù,–¢–µ—Ä—Ä–∞ –ó–ê–ë–ê–ù–∞ —Å –æ–≥—Ä–æ–º–Ω–æ–π –±–∞—à–Ω–µ–π!,Dizakt,3015,891,1000,366,111,03.06.2022,https://vk.com/topic-131054616_38491668?post=2698
21,–ö—Ä–∞—Å–Ω–æ–∫–∞–º–µ–Ω–Ω–∞—è –¶–µ—Ä–∫–æ–≤—å,–ë–µ–∑ –æ–ø–∏—Å–∞–Ω–∏—è.,SENTPLAYY,-1359,13500,1000,-171,1686,07.06.2022,https://vk.com/topic-131054616_48663772?post=3713
22,–¢—Ä–∞–π–¥ –°–∏—Ç–∏,–ë–µ–∑ –æ–ø–∏—Å–∞–Ω–∏—è.,Herba_,3065,12271,1000,366,1530,04.06.2022,https://vk.com/gepe5?w=wall-131054616_84630%2Fall
23,–ë–∞–∑–∞ SeregaPivo,-,SeregaPivo,10426,323,1000,1300,36,15.06.2022,https://vk.com/wall-131054616_86292
24,–†–∞—Å–∫–æ–ø–∫–∏,"–¢–µ—Ä—Ä–∞ –¥–ª—è —Ä–∞—Å–∫–æ–ø–æ–∫, –¥–ª—è –ø–æ–ª—É—á–µ–Ω–∏—è —Ä–µ—Å—É—Ä—Å–æ–≤ –¥–ª—è –∞—Ä—Ç–æ–≤ –∏ –ø—Ä–æ—ç–∫—Ç–æ–≤ ",ReyvXyd,10100,-10700,1000,1250,-1326,05.06.2022,https://vk.com/wall-131054616?w=wall-131054616_84804
25,–õ—ç–π—à—Ç –í–∏–ª—å–≥–æ—á–∏,–ù–µ–±–æ–ª—å—à–æ–µ –∑–∞–±—ã—Ç–æ–µ –ø–æ—Å–µ–ª–µ–Ω–∏–µ,_Fargo,-5000,9000,1000,-616,1165,05.06.2022,https://vk.com/gepe5?z=photo-131054616_457251541%2Fwall-131054616_86284
26,–ù–æ—Ä–¥–≤–∏–Ω,"–¢–µ—Ä—Ä–∏—Ç–æ—Ä–∏—è –¥–ª—è —á–∏–ª–∞ –∏ —Ä–∞–±–æ—Ç—ã —Å –∂–∏—Ç–µ–ª—è–º–∏.
–¢–∞–∫ –∂–µ –¥–ª—è –ø—Ä–æ–∏–∑–≤–æ–¥—Å—Ç–≤–∞ –≤–∫—É—Å–Ω–æ–π –µ–¥—ã –∏ –Ω–µ —Ç–æ–ª—å–∫–æ.  ",MatBrown,-5341,10475,1000,-666,1310,15.06.2022,https://vk.com/wall-131054616_86305
27,–¢–µ—Ä–∏—Ç–æ—Ä–∏—è: choi_kent,–ë–µ–∑ –æ–ø–∏—Å–∞–Ω–∏—è.,choi_kent,6095,9280,500,752,1178,15.06.2022,https://vk.com/gepe5?w=wall-131054616_86306%2Fall
28,–û–¥–∏–Ω–æ–∫–∞—è –ë—É—Ö—Ç–∞,"–≠—Ç–æ—Ç –≤–µ–ª–∏–∫–æ–ª–µ–ø–Ω—ã–π –æ—Å—Ç—Ä–æ–≤ –∑–∞–≤–æ—Ä–∞–∂–∏–≤–∞–µ—Ç —Å–≤–æ–∏–º–∏ –∫—Ä–∞—Å–æ—Ç–∞–º–∏, –∞ –∑–æ–ª–æ—Ç–æ, —á—Ç–æ –ª–µ–∂–∏—Ç –ø–æ–¥ –µ–≥–æ –ø–µ—Å–∫–∞–º–∏, –∂–¥—ë—Ç –≤—Å–µ—Ö –∂–µ–ª–∞—é—â–∏—Ö —Ä–∞–∑–±–æ–≥–∞—Ç–µ—Ç—å.",CEPTPAX,-114,5530,500,-14,684,03.06.2022,https://vk.com/topic-131054616_48663772?post=3069
29,Skalo,–°–∞–º–∞—è –º–∞—Å—à—Ç–∞–±–Ω–∞—è –ø–æ—Å—Ç—Ä–æ–π–∫–∞ –Ω–∞ –°–ü5 –∏–∑ Halo:CE,Skifry,-3333,10700,,425,-1334,,
31,–¢–µ—Ä—Ä–∏—Ç–æ—Ä–∏—è __Zul__,–ë–µ–∑ –æ–ø–∏—Å–∞–Ω–∏—è.,__Zul__,6850,4800,500,846,609,19.06.2022,https://vk.com/wall-131054616_86442
32,–¢–µ—Ä—Ä–∏—Ç–æ—Ä–∏—è Sanlais_,–ë–µ–∑ –æ–ø–∏—Å–∞–Ω–∏—è.,Sanlais_,-12796,-1290,1000,-1605,-151,19.06.2022,https://vk.com/wall-131054616_86447
33,–ü—É–Ω–∫—Ç –≤—ã–¥–∞—á–∏ MineShop,–¢–µ—Ä—Ä–∏—Ç–æ—Ä–∏—è –ò–≥—Ä–æ–∫–∞ Geek_on. –¢–∞–º –∂–µ –Ω–∞—Ö–æ–¥–∏—Ç—Å—è –∏ –ø—É–Ω–∫—Ç –≤—ã–¥–∞—á–∏ –∑–∞–∫–∞–∑–æ–≤ –º–∞–≥–∞–∑–∏–Ω–∞ MineShop.,Geek_on,-2338,1978,500,-297,256,04.06.2022,https://vk.com/gepe5?w=wall-131054616_84657%2Fall
34,–¶–∏—Ç–∞–¥–µ–ª—å –†–∏–∫–æ–≤,"–ú–Ω–æ–≥–∏—Ö –†–∏–∫–æ–≤ –∏ –∏—Ö –ú–æ—Ä—Ç–∏ –ø–æ–¥—Å–æ—Å–∞–ª–æ –≤ —ç—Ç—É —Å—Ç—Ä–∞–Ω–Ω—É—é –∫–≤–∞–¥—Ä–∞—Ç–Ω—É—é –≤—Å–µ–ª–µ–Ω–Ω—É—é –ø–æ–¥ –Ω–æ–º–µ—Ä–æ–º SP-5, –±–µ–∑ –≤–æ–∑–º–æ–∂–Ω–æ—Å—Ç–∏ –ø–æ–∫–∏–Ω—É—Ç—å –µ—ë. –û–Ω–∏ –æ—Ç—Å—Ç—Ä–æ–∏–ª–∏ —Ü–∏—Ç–∞–¥–µ–ª—å, –∫–æ—Ç–æ—Ä–∞—è —Å—Ç–∞–Ω–µ—Ç –¥–ª—è –Ω–∏—Ö –ø—Ä–∏—Å—Ç–∞–Ω–∏—â–µ–º.",_Potell_,5302,127,400,645,6,19.06.2022,https://vk.com/wall-131054616_86432
35,–ì–µ–Ω. –®—Ç–∞–± MANN CO.,–õ–∏—á–Ω–∞—è —Ç–µ—Ä—Ä–∏—Ç–æ—Ä–∏—è Joseph_Snake –∏ _DICTOR,Joseph_Snake,8714,-1328,500,1089,-166,20.06.2022,https://vk.com/gepe5?w=wall-131054616_86483%2Fall
36,KAFAR1K,–ü—Ä–æ—Å—Ç–æ —á–∞—Å—Ç–Ω–∞—è —Ç–µ—Ä—Ä–∏—Ç–æ—Ä–∏—è,KAFAR1K,923,9075,700,102,1141,06.06.2022,https://vk.com/wall-131054616_86459
37,–Ø–º–∞ –ª–æ—Å–æ—Å—è,"–Ø–ú–ê –∑–∞–±–∏–≤–µ—Ä–æ–≤, —Ö—É–µ—Å–æ—Å–æ–≤ –∏ —Ö–µ–π—Ç–µ—Ä–æ–≤ –≤–æ–Ω—é—á–∏—Ö ""–≤–ª–∞–≥–∞–ª–∏—â""",Lososik798,7953,-7534,500,994,-941,20.06.2022,https://vk.com/wall-131054616_86507
38,–ù–∞—Ö–∞–ª–∞–ª –ü–∞—Ä–∞–¥–∏—Å–æ,–Ω–µ —Ö–∞–ª—è–ª—å,WetBlanket98,7187,-13248,1000,898,-1658,21.06.2022,https://vk.com/wall-131054616_86510
,,,,,,,,,,
40,–ú–∞—Ä–∏–Ω–∞,–û—Å—Ç—Ä–æ–≤ —Ñ–µ—Ä–º –°–ø—É–¥–æ–≤–∞ –ú–∞—Ä–∏–Ω–∞ –ø—Ä–æ—Å—Ç–∏.,spoodov,3000,1163,250,360,145,21.06.2022,
41,#–°–ü –ê—Ä–µ–Ω–∞,–û–±—â–µ—Å—Ç–≤–µ–Ω–Ω–∞—è –∞—Ä–µ–Ω–∞ –¥–ª—è –ø—Ä–æ–≤–µ–¥–µ–Ω–∏—è –º–µ—Ä–æ–ø—Ä–∏—è—Ç–∏–π,KindSoft,1560,5329,325,200,625,,
42,Baku,–¢–µ—Ä—Ä–∏—Ç–æ—Ä–∏—è –∏–≥—Ä–æ–∫–∞ najaf_ –°–æ—é–∑ —Å –ø–∞—Ä–∞–¥–∏—Å–æ–º,najaf_,-13221,-6804,600,-1650,-850,,
43,–¢–µ—Ä—Ä–∏—Ç–æ—Ä–∏—è offenbanch,–ë–µ–∑ –æ–ø–∏—Å–∞–Ω–∏—è.,offenbanch,-6644,-7820,1300,-3,-987,04.06.2022,https://vk.com/bookmarks?from_menu=1&w=wall-131054616_84612
44,–¢–µ—Ä—Ä–∏—Ç–æ—Ä–∏—è DmitryDAN,–ë–µ–∑ –æ–ø–∏—Å–∞–Ω–∏—è.,DmitryDAN,4100,2350,1500,515,290,22.06.2022,
45,Big Black –Ø–º–∞,–ë–µ–∑ –æ–ø–∏—Å–∞–Ω–∏—è.,l1m0n__,43,-13499,2000,4,-1700,24.06.2022,
46,–î–∏–≤–Ω–æ–º–æ—Ä—Å–∫–æ–µ,–î–æ—Å—Ç–æ–ø—Ä–µ–º–µ—á–∞—Ç–µ–ª—å–Ω–æ—Å—Ç–∏: –î–≤–æ—Ä–µ—Ü –ì–µ–ª–µ–Ω–¥–∂–∏–∫—Å–∫–∏–π –∏ —Å—Ç–∞—Ç—É–∏ –∏–≥—Ä–æ–∫–æ–≤ –°–ü,WizzPlay,-1263,5373,1000,-244,671,24.06.2022,
47,LOLOLAND,–ë–µ–∑ –æ–ø–∏—Å–∞–Ω–∏—è.,troloLOLLER,6500,-11400,2000,810,-1430,04.06.2022,https://vk.com/wall-131054616_86614
48,harson,"–≥–ª–æ–±–∞–ª. –ø—Ä–æ–µ–∫—Ç ""–ö–æ–Ω—Ç–∏–Ω–µ–Ω—Ç""",sirALEKSEY673,8880,10350,1400,1110,1294,23.06.2022,https://vk.com/wall-131054616_86619
49,–ü–æ–ª—É—Å—Ñ–µ—Ä–∞,"–°—Ñ–µ—Ä–æ–æ–±—Ä–∞–∑–Ω—ã–π —Å—Ç–µ–∫–ª—è–Ω–Ω—ã–π —à–∞—Ä, –Ω–∞–∫—Ä—ã–≤–∞—é—â–∏–π —É–≥–æ–ª–æ–∫ –º–∏—Ä–∞",Spewedandbraked,12966,4316,500,1676,533,24.06.2022,https://vk.com/wall-131054616_86626
50,–ö–µ–Ω—Ç—ã –õ—É–ø—Å–∏–¥–∞, –ö–µ–Ω—Ç–∞ —Å—Ç—Ä–∞–¥–∞—é—Ç —Ö–µ—Ä–Ω–µ–π,Lupside,-10128,-8256,1000,-1267,-1022,04.06.2022,https://vk.com/wall-131054616_84627
51,twitch.tv/daxak,—Ç–µ—Ä—Ä–∞ –¥–∞—Ö–∞–∫–∞ –π–æ–ø—Ç–∞,daxak,228,12808,2000,35,1607,04.06.2022,https://vk.com/wall-131054616_84466
52,–ê–º–ø–µ—Ä–Ω–∞—è –∫—Ä–µ–ø–æ—Å—Ç—å,–ë–µ–∑ –æ–ø–∏—Å–∞–Ω–∏—è.,Mr_Elec2r0n_,4288,-3698,300,2344,459,26.06.2022,
53,¬´–°–ü –í–æ–ª–Ω–∞¬ª,–ë–∞–∑–∞ –∫–æ–º–ø–∞–Ω–∏–∏ ¬´–°–ü –í–æ–ª–Ω–∞¬ª ,tebe_s_kakoi,10300,5300,500,1311,657,26.06.2022,
54,DockIsParadise,"–õ–∞–º–ø–æ–≤–æ–µ –º–µ—Å—Ç–æ –¥–ª—è –ø–æ—Å–∏–¥–µ–ª–æ–∫ —Å –¥—Ä—É–∑—å—è–º–∏, –æ–∫–µ–∞–Ω –≤ –∫–æ—Ç–æ—Ä–æ–º —Å–ø–æ–∫–æ–π–Ω–æ –º–æ–∂–Ω–æ —Ä—ã–±–∞—á–∏—Ç—å —Å–∫–æ–ª—å–∫–æ —Ö–æ—á–µ—Ç—Å—è. –ø–æ—Ö–æ–∂–µ –Ω–∞ —Ä–∞–π—Å–∫–∏–µ –æ—Å—Ç—Ä–æ–≤–∞:–ë–µ—Å–∫—Ä–∞–π–Ω–∏–µ –º–æ—Ä—è, –æ—Å—Ç—Ä–æ–≤–∞, –∏  –≤—Å—ë –≤ –¥–æ—Å—Ç—É–ø–Ω–æ–º –¥–æ—Å—Ç—É–ø–µ!",_DockLock_,-55,2840,150,-7,353,26.06.2022,
55,–ú–∞–∫—Å–∏–ª—è–Ω–¥–∏—è,–≥—Ä—É–±–æ –≥–æ–≤–æ—Ä—è —Ä–∞–Ω—á–æ —Ä–µ–ª–∞–∫—Å–æ –¥–ª—è –∏–∑–±—Ä–∞–Ω–Ω—ã—Ö –∏ –±–∞–∑–∞ –¥–ª—è –º—ç—Ä–∞,MSvetofor,12600,-10900,500,1560,-1350,,
56,–°–æ–≤–µ—Ä—à–µ–Ω–Ω–æ –Ω–æ–≤–∞—è –ø–µ–Ω–¥–æ—Å–∏—è,–∑–¥–µ—Å—å –≤—ã –Ω–∞–π–¥–µ—Ç–µ....,SirSergius3236,12800,12800,1000,1600,1600,06.06.2022,https://vk.com/topic-131054616_48663772?post=3618
57,–î–æ—Ö–ª–æ–∫–æ—Ç,–ë–µ–∑ –æ–ø–∏—Å–∞–Ω–∏—è., xfogax,4252,10855,300,535,1359,22.06.2022,
58,–ó–æ–Ω–∞ —Ñ–µ—Ä–º DeleteG7,–õ–∏—á–Ω–∞—è —Ç–µ—Ä—Ä–∏—Ç–æ—Ä–∏—è —Å —Ñ–µ—Ä–º–∞–º–∏ –∏–≥—Ä–æ–∫–∞ DeleteG7,DeleteG7,-4600,-2000,175,-570,-260,03.07.2022,https://vk.com/wall-131054616_86867
59,–õ–∞—Ç–æ–∫,–†–∞–¥—É–≥–∞ –¥—É–≥–∞. –ó–¥–µ—Å—å –ø—Ä–æ–∏—Å—Ö–æ–¥–∏—Ç —Ñ–∞—Ä–º–∏–Ω–≥,Latke,-11261,1664,500,-1410,205,,
60,–¢–µ—Ä—Ä–µ—Ç–æ—Ä–∏—è Œ©mega co.,–¢–µ—Ä—Ä–µ—Ç–æ—Ä–∏—è –∫–æ–º–ø–∞–Ω–∏–∏ Œ©mega co. –ø–æ –≤–æ–ø—Ä–æ—Å–∞–º –ø–∏—Ä–æ–≥#0724,TblKBA18,9600,-2007,400,1200,-250,,
61,Tunixp,–ë–µ–∑ –æ–ø–∏—Å–∞–Ω–∏—è.,Tunixp,1200,-11300,1500,140,-1380,,
62,Void,–ë–∞–∑–∞ –∏–≥—Ä–æ–∫–∞ Dimka153 —Å–¥–µ–ª–∞–Ω–Ω–∞—è –≤ —á—ë—Ä–Ω–æ-–±–µ–ª–æ–º —Å—Ç–∏–ª–µ,Dimka153,10500,-800,500,-1312,-100,,
63,–î–æ–±—Ä—è–∫–∏,–Ø–º–∞ –≤ –∫–æ—Ç–æ—Ä–æ–π –ª—é–¥–∏ –æ–±—â–∞—é—Ç—Å—è –∏ —Ä–∞–∑–≤–ª–µ–∫–∞—é—Ç—Å—è,neyann,5760,2270,2000,710,280,,
64,–ë–µ–∫–∞—Å–æ–≤–æ,–ë–∞–∑–∞ –æ—Ç–¥—ã—Ö–∞,Broccolya,12280,-280,450,1535,-35,07.07.2022,https://vk.com/gepe5?w=wall-131054616_86764%2Fall
66,—Ñ–æ–Ω–¥,–¢–µ—Ä—Ä–∏—Ç–æ—Ä–∏—è —Å–µ–∫—Ä–µ—Ç–Ω–æ–π –æ—Ä–≥–∞–Ω–∏–∑–∞—Ü–∏–∏,Armageddon_372,-4400,8800,500,-550,1100,11.07.2022,https://vk.com/wall-131054616_86802
67,–ë–∞–∑–∞ Sitrus029,–õ–æ–∫–∞–ª—å–Ω–∞—è –±–∞–∑–∞ Sitrus029,Sitrus029,-4700,150,200,-587,17,,
68,–ò–Ω—Ñ–µ—Ä–Ω–∏—è,–ë–∞–∑–∞ –∏–≥—Ä–æ–∫–∞ JORICK404,JORICK404,10032,-172,1000,1245,-215,,
69,–°—Ç–∞–Ω—Ü–∏—è zero,–ò—Å–ª–µ–¥–æ–≤–∞—Ç–µ–ª—å—Å–∫–∞—è –±–∞–∑–∞ –≤–æ –ª—å–¥–∞—Ö ,krisech,200,11372,600,20,1420,20.07.2023,-
70,–¢–µ—Ä—Ä–∏—Ç–æ—Ä–∏—è –∫–æ–º–ø–∞–Ω–∏–∏ COLORS ,"–¢–µ—Ä—Ä–∏—Ç–æ—Ä–∏—è –ø–æ–¥ —Ñ–µ—Ä–º—ã, –≤—ã–∫–∞–ø—ã–≤–∞–Ω–∏–µ —Ä–µ—Å—É—Ä—Å–æ–≤, —Å—Ç—Ä–æ–∏—Ç–µ–ª—å—Å—Ç–≤–∞ –º–∞–ø-–∞—Ä—Ç–æ–≤ –∏ –ø—Ä–æ—Å—Ç–æ —Ç–∞–∫ —Å–∫–∞–∑–∞—Ç—å ""–î–∞—á–∞"", –≥–¥–µ –º–æ–∂–Ω–æ –æ—Ç–¥–æ—Ö–Ω—É—Ç—å",SupperDans_500,5470,11955,500,682,1486,20.07.2022,https://vk.com/gepe5?w=wall-131054616_86907%2Fall
71,Bedcom,–ë–µ–∑ –æ–ø–∏—Å–∞–Ω–∏—è.,H1S3R,600,-7000,2000,76,-880,03.06.2022,https://vk.com/gepe5?w=wall-131054616_83847%2Fall
72,–ê—Ä—Ç-–±–∞–∑–∞,–ù–∞ —Ç–µ—Ä—Ä–∏—Ç–æ—Ä–∏–∏ –Ω–∞—Ö–æ–¥–∏—Ç—Å—è –ø–æ–ª–æ—Ç–Ω–æ –≥–¥–µ –∞–∫—Ç–∏–≤–Ω–æ —Å—Ç—Ä–æ—è—Ç—Å—è –º–∞–ø–∞—Ä—Ç—ã.  ,baby_cady,13315,381,700,1660,58,,
73,–†–∏–≤–µ–Ω–¥–µ–π–ª,–ë–µ–∑ –æ–ø–∏—Å–∞–Ω–∏—è.,SaikieSwag,-7232,-9343,1000,-905,-1168,,
74,–ú–∏—Ä —Å—Ä–µ–¥–Ω–µ–≤–µ–∫–æ–≤—å—è,–ë–µ–∑ –æ–ø–∏—Å–∞–Ω–∏—è.,5opkaa,13215,-480,320,1636,-42,01.08.2022,
75,–¢–µ—Ä—Ä–∏—Ç–æ—Ä–∏—è Frikase,–õ–∏—á–Ω–∞—è —Ç–µ—Ä—Ä–∏—Ç–æ—Ä–∏—è –∏–≥—Ä–æ–∫–∞ Frikase,Frikase,-7820,5284,1000,-958,671,02.08.2022,
76,–ê—Å—Ç—Ä–∞–ª,"–ú–µ—Å—Ç–æ, –≥–¥–µ –º–æ–≥—É—Ç –æ—Ç–¥—ã—Ö–∞—Ç—å –≤—Å–µ –º–æ–∏ –¥—Ä—É–∑—å—è, –∏ –Ø –≤ —Ç–æ–º —á–∏—Å–ª–µ.",Avenitson,8923,-2408,750,1112,-6,07.08.2022,
77,–õ–∞–±–æ—Ä–∞—Ç–æ—Ä–∏—è –°–∫—Ä–∏—Å–æ–Ω–∞,–ë–µ–∑ –æ–ø–∏—Å–∞–Ω–∏—è.,DrScrison,0,-10000,2000,-12,-1250,03.06.2022,https://vk.com/wall-131054616_84050
78,–¢–µ—Ä—Ä–∏—Ç–æ—Ä–∏—è sandstormy,–£—é—Ç–Ω–∞—è –∏ –ª–∞–º–ø–æ–≤–∞—è –ø–µ—â–µ—Ä–∫–∞ —Å —Ñ–µ—Ä–º–æ–π –∞—Ä–±—É–∑–æ–≤,sandstormy,8000,8800,250,1000,1092,08.08.2022,
79,–î—Ä–∞–≥–æ–º–∏—Ä,–ë–∞–∑–∞ –¥–µ–±–∏–ª–æ–≤,Artemidaa,-6800,-13280,400,-850,-1660,11.08.2022,https://vk.com/topic-131054616_48663772?post=4153
80,–ö—Ä–∞–π–∫–æ–Ω,"–£—é—Ç–Ω–æ–µ –º–µ—Å—Ç–æ –≤ –≥–æ—Ä–∞—Ö, –Ω–∞—Ö–æ–¥—è—â–µ–µ—Å—è –≤ –∂–æ–ø–µ –º–∏—Ä–∞, –∫–æ—Ç–æ—Ä–æ–µ —Ö—Ä–µ–Ω –Ω–∞–π–¥—ë—à—å.",KpyToi4el,7328,13269,400,910,1653,10.08.2022,
81,FullWorld,"""–†–∞–±—Å—Ç–≤–æ —Å–ø–∞—Å–µ—Ç –º–∏—Ä"" Chpoker",Zekrol,11139,12516,1000,1402,1569,11.08.2022,
82,–ê—Å—Å–æ—Ü–∏–∞—Ü–∏—è –û—Ö–æ—Ç–Ω–∏–∫–æ–≤,"–ù–∞ –æ—Å—Ç—Ä–æ–≤–µ –Ω–∞—Ö–æ–¥–∏—Ç—Å—è —à—Ç–∞–± –ê—Å—Å–æ—Ü–∏–∞—Ü–∏–∏ –û—Ö–æ—Ç–Ω–∏–∫–æ–≤, –æ—Ä–≥–∞–Ω–∏–∑–∞—Ü–∏–∏, –∫–æ—Ç–æ—Ä–∞—è –ø—Ä–µ–¥–æ—Å—Ç–∞–≤–ª—è–µ—Ç —É—Å–ª—É–≥–∏ –ø–æ –Ω–∞–π–º—É —Ä–∞–±–æ—á–∏—Ö –∏ –ø–æ–∏—Å–∫—É —Ä–µ—Å—É—Ä—Å–æ–≤.",MrAshees,732,-11541,150,91,-1445,14.08.2022,https://vk.com/topic-131054616_48663772?post=4155
83,–õ–∞–±–æ—Ä–∞—Ç–æ—Ä–∏—è _Zulf'a,–°–µ–∫—Ä–µ—Ç–Ω–∞—è —Ä–ø –ª–∞–±–æ—Ä–∞—Ç–æ—Ä–∏—è —Å–æ –≤—Å—è–∫–∏–º–∏ –∏—Å—Å–ª–µ–¥–æ–≤–∞–Ω–∏—è–º–∏ –∏ —Å–µ–∫—Ä–µ—Ç–∞–º–∏, _Zulf,9641,-2695,200,1206,-333,14.08.2022,
84,"""–ë—É—Ö—Ç–∞ –ì–∞–ª–µ–æ–Ω–∞""",–õ–∏—á–Ω–∞—è —Ç–µ—Ä—Ä–∏—Ç–æ—Ä–∏—è –∏–≥—Ä–æ–∫–æ–≤ Mistelias –∏ lilfoxik,Mistelias,4791,5877,75,600,736,19.08.2022,
85,–ë–∞–∑–∞ ANTON_B,–õ–∏—á–Ω–∞—è —Ç–µ—Ä—Ä–∏—Ç–æ—Ä–∏—è –∏–≥—Ä–æ–∫–∞ ANTON_B,ANTON_B,-7600,3320,500,-965,415,21.08.2022,1568218386
86,–ê–Ω–¥–µ–≥—Ä–∞—É–Ω–¥,–ö–æ–º—Ñ–æ—Ä—Ç–Ω—ã–π –ø–æ–¥–≤–∞–ª –¥–ª—è —Ä–æ–≤–Ω—ã—Ö —Ç–∏–ø—á–∏–∫–æ–≤,Old_Kega54,-2118,6596,1500,-275,818,24.08.2022,
87,–ë–∞–∑–∞ kirill_buch,"–û—Å–æ–±–æ –Ω–µ –∑–∞–ø—Ä–µ—Ç–∫–∞, –ø—Ä–æ—Å—Ç–æ –Ω–∏—á–µ–≥–æ –Ω–µ –≤–æ—Ä—É–π—Ç–µ",kirill_buch,-448,-2300,200,-50,-300,25.08.2022,https://vk.com/wall-131054616_87527 
88,–ë–∞–∑–∞ –ê–Ω—Ç–∏—Ö–∞–π–ø–∞,–†–µ–∞–ª—å–Ω–∞—è –±–∞–∑–∞ –ê–Ω—Ç–∏—Ö–∞–π–ø–∞.,Albetre,-11000,8500,1000,1375,,07.09.2022,https://vk.com/wall-131054616_87629
89,"–ë—É–Ω–∫–µ—Ä ""–ù–æ–≤–∞—è –ù–∞–¥–µ–∂–¥–∞""",–û–ø–∏—Å–∞–Ω–∏–µ,blfrum,1950,1650,500,250,200,03.06.2022,https://vk.com/topic-131054616_38491668?post=2709
90,Area 51,–ë–∞–∑–∞ AlexPerch,AlexPerch,-5900,-170,200,-745,-20,08.09.2022,
91,—Å–∏—Å—è—Å—Ç–∞—è –±–∞–∑–∞,–Ω–µ—Ç—É,YourKoleostro,-9500,1900,600,-1187,237,09.09.2022,
92,–ù—è—à–∫–∏<3,—ç—Ç–æ –º—ã —Å –∑–∞—Ä–æ–π),DaL1o,-10800,-13500,1500,-1350,-1680,11.09.2022,
93,Korinf,,FiNiKK523,-10000,-12171,1000,-1186,-1453,02.09.2022,https://vk.com/wall-131054616_87563
94,–®—Ç–∞–± –†—ã–±–∞–∫–æ–≤,–®—Ç–∞–±-–±–∞–∑–∞ –ö—É–ª—å—Ç–∞ —Ä—ã–±–∞–∫–æ–≤,tatarchik,1348,-366,1000,170,-50,12.09.2022,https://vk.com/wall-131054616_87674
95,Yakuza,"–†–µ—Å—Ç–æ—Ä–∞–Ω ""Oishikute"", –Ω–∞—Ö–æ–¥—è—â–∏–π—Å—è –≤ –º–∞–ª–µ–Ω—å–∫–æ–º —è–ø–æ–Ω—Å–∫–æ–º —Ä–∞–π–æ–Ω–µ.",Cmd8859,8366,623,80,1046,88,18.09.2022,
96,Neuro Art Gallary,–ê—Ä—Ç –≥–∞–ª–ª–µ—Ä–µ—è,MrMinevra,9870,4400,200,1234,550,23.09.2022,
97,De1wsz,,De1wsz_,-12348,3047,500,-1539,394,28.09.2022,
98,Lian City,"—Ç—É—Ç –∂–∏–≤—É—Ç —Å—Ç—Ä–∞–Ω–Ω–∏–∫–∏, –æ—Ç—Ä–µ—á–µ–Ω–Ω—ã–µ –º–∏—Ä–æ–º, –≤ —Ç–∏—à–∏–Ω–µ –∏ —Å–ø–æ–∫–æ–π—Å—Ç–≤–∏–∏ —Ä—è–¥–æ–º —Å –ø—Ä–∏—Ä–æ–¥–æ–π",Mikezzag . Ke1ha,13227,6385,1000,1653,798,03.10.2022,
99,–ì–∞–Ω–¥—Ö–∞—Ä–≤–∞,–í–æ–ª—à–µ–±–Ω—ã–π –ª–µ—Å –ø–æ—Ö–æ—Ç–ª–∏–≤—ã—Ö —ç–ª—å—Ñ–æ–≤,dohvaa,8940,1790,400,1130,215,07.07.2022,
100,–ë–∞–∑–∞ –ö–∏—Ä–∏,–ë–∞–∑–∞ –∏–≥—Ä–æ–∫–∞ –ö–∏—Ä–∏,_K1rya,8000,16000,2000,1000,2000,06.10.2022,
101,–°–∞—Ç–µ—Ä—Ä–∞,–ª–∏—á–Ω–∞—è —Ç–µ—Ä—Ä–∏—Ç–æ—Ä–∏—è –∏–≥—Ä–æ–∫–∞ Genvey –µ—Å–ª–∏ —Ö–æ—Ç–∏—Ç–µ –∫—É–ø–∏—Ç—å –∫–µ—Ä–∞–º–∏–∫—É –∏–ª–∏ –¢–µ—Ä—Ä–∞–∫–æ—Ç–∞ –ø–∏—à–∏—Ç–µ –≤ –õ–° –¥–∏—Å–∫–æ—Ä–¥–∞,Genvey ,15000,-11000,2000,1865,-1370,06.10.2022,
102,IO,–ü—Ä–æ—Å—Ç–æ –±–æ–ª–æ—Ç–æ. –ù–∏—á–µ–≥–æ –Ω–µ–æ–±—ã—á–Ω–æ–≥–æ. –£—Ö–æ–¥–∏—Ç–µ.,EndDeni1,-3675,-16414,500,-439,-2074,06.10.2022,
103,–¢–µ—Ä—Ä–∏—Ç–æ—Ä–∏—è Dakidakq,–ñ—ë—Å—Ç–∫–∏ —Ç–µ—Ä—Ä–∞,Dakidakq,15300,8455,2000,1928,1038,06.10.2022,https://vk.com/topic-131054616_48663772?offset=320&z=photo-131054616_457251993%2Fpost-131054616_4193
104,–≠—Ç–æ –±–∞–∑–∞,–ë–∞–∑–∞ bsfimas –∑–∞–ø—Ä–µ—Ç–æ—á–∫–∞ —Å–∫–ª–∞–¥–∏–∫ —Ç–∞–º —Ä–µ—Å–∏–∫–∏ —Ñ–µ—Ä–º–æ—á–∫–∏ –≥—Ä–∏–±–Ω–æ–π –æ—Å—Ç—Ä–æ–≤ –±–ª–µ–∫–¥–∂–µ–∫ –∏ —à–ª—é—Ö–∏,5opka,14973,3934,1000,1871,491,06.10.2022,
105,–§—Ä–æ–≥—Ä–∞–¥—Å–∫–∏–π –ö–∞–π—Ñ,"–ó–æ–Ω–∞ –¥–ª—è —Ñ–∞—Ä–º–∞ , –∫–∞–π—Ñ–∞ –∏ –æ—Ç–¥—ã—Ö–∞",Dango_qq,-400,-17233,1500,-45,-2159,06.10.2022,
106,–ì—Ä—É–ø–ø–∞ 2002,–õ–∏—á–Ω–∞—è —Ç–µ—Ä—Ä–∏—Ç–æ—Ä–∏—è –∏–≥—Ä–æ–∫–∞ Q4terr,love69pose,2000,-16000,2000,250,-2002,06.10.2022,https://vk.com/wall-131054616_87833
107,–ì—Ä–∏—Ñ–æ–Ω—Å,-,Antoxaxa,18388,3847,2000,2300,470,07.10.2022,
108,–û—Ö—É—ç–ª–æ—Å,-,Catogg_,3980,17075,1500,500,2130,07.10.2022,https://vk.com/wall-131054616_87841
109,–ì—É–º–º–∏–õ—ç–Ω–¥,–ö—É—á–µ—Ä—è–≤–µ–Ω—å–∫–∞—è –±–∞–∑–∞ —á–µ–ª–æ–≤–µ—á–∫–∞ –ø–æ–¥ –Ω–∏–∫–æ–º GummyFun,GummyFun,-17400,-17650,2000,-2175,-2206,07.10.2022,https://vk.com/wall-131054616_87845
110,–õ–∞—Ç–∞–π—Ä–∏—Å,-,KEHE3,-1235,14880,1000,-155,1860,08.10.2022,
111,–ö–æ–ª–æ–Ω–∏—è —Ç–µ—Ä–ª–∏–∑—ã,-,LeftCrafty,18180,-900,2270,2270,-115,07.10.2022,"https://vk.com/wall-131054616_87838
"
112,Ty3uK Land,–õ–∏—á–Ω–∞—è —Ç–µ—Ä—Ä–∏—Ç–æ—Ä–∏—è Ty3uK_'a,Ty3uK_,20054,11548,1000,2441,1456,10.10.2022,https://vk.com/topic-131054616_48663772?post=4233
113,–¢–°–ö–ü,"–¢–µ—Ä—Ä–∏—Ç–æ—Ä–∏–∞–ª—å–Ω—ã–π —Å–æ—é–∑ –∫—Ä—É—Ç—ã—Ö –ø–µ—Ä—Ü–µ–≤, –ø–æ–ø–æ–∑–∂–µ –±—É–¥–µ—Ç –¥–æ–ø–æ–ª–Ω–µ–Ω–æ",JluKBuDuPoBaH,:-13500,-13500,2000,-1680,-1680,07.06.2022,https://vk.com/topic-131054616_48663772?post=3718
114,–ú–∞–Ω–≥—Ä–æ–≤–∞—è –ù–∞—Ä–æ–¥–Ω–∞—è –†–µ—Å–ø—É–±–ª–∏–∫–∞ ,-,GWortex,17810,314,150,2222,40,11.10.2022,https://vk.com/wall-131054616_87875
115,–±–∞–∑–∞ –∏–≥—Ä–æ–∫–∞ steven20081,—è –±–æ–ª—å—à–æ–π —á–µ–±—É—Ä–µ–∫,steven20081,-16000,13360,800,-2000,1670,11.10.2022,https://vk.com/wall-131054616_87879
116,–°—É–µ–¢–æ–∫–∏–æ-3,–ë—ã–≤—à–∏–π –¢–æ–∫–∏–æ-2 –ü–µ—Ä–µ–Ω–µ—Å–µ–Ω–Ω—ã–π –ø–æ—Å–ª–µ –±–∏—Ç–≤—ã —Å –∞–Ω–≥–µ–ª–∞–º–∏ –≤ —Å—Ç—Ä–∞–Ω—É –ø–æ–¥–ø–∏—Å—á–∏–∫–æ–≤,X_Beelzebub_X,831,-19824,500,123,-2483,12.10.2022,
117,NekoTown,–î–æ–º GreatNeko. –û—Å—Ç–∞–ª—å–Ω—ã–º —Å–æ–±–æ–ª–µ–∑–Ω—É—é. ,GreatNeko,-11358,-5362,2000,-1422,-674,13.10.2022,
118,KEGO,,4erniy_Doctor,-2425,22000,1500,-303,2750,14.10.2022,
119,–¢–µ—Ä—Ä–∏—Ç–æ—Ä–∏—è Randomazik'a,,,17464,-2607,500,2185,-327,14.10.2022,https://vk.com/wall-131054616_87832
120,Elbryc,–¢–µ—Ä–∏—Ç–æ—Ä–∏—è –¥–ª—è —á–∏–ª–∞,Elbryc,-8485,21926,300,-1058,2739,14.10.2022,
121,–¢–µ—Ä—Ä–∞ –ü—Ä–∏–∫–æ–ª–∏—Å—Ç–æ–≤,–õ—É—á—à–∞—è —Ç–µ—Ä—Ä–∞ –Ω–∞ –°–ü,errorchikk,-7974,-13633,1000,-987,-1694,16.10.2022,https://vk.com/gepe5?w=wall-131054616_87788
122,–†–µ–¥–º–∞—Ñ–∏—è,–¢–µ—Ä—Ä–∞ –†–µ–¥–º–∞—Ñ–∏–∏,RedMafia_,23333,-7250,2000,2920,-906,16.10.2022,
123,–õ–∏–≥–∞,–ù—É –∞ —ç—Ç–æ —É–∂–µ —Å–µ–∫—Ä–µ—Ç,KRbICa,-8100,1600,1000,-2050,1000,09.10.2022,https://vk.com/topic-131054616_48663772?post=4227
124,–ë–∞–∑–∞ Andryxaaa,–ì—Ä–∏–±–Ω–æ–π –æ—Å—Ç—Ä–æ–≤,Andryxaaa,1155,23505,1500,144,2938,16.10.2022,https://vk.com/topic-131054616_48663772?post=4250
125,ValorantCiti-Pososali,"—Ä–∞–¥–∏–∞–Ω—Ç—ã, –∫–æ—Ç–æ—Ä—ã–µ –ø—Ä–∏–±—ã–ª–∏ –∏—Å–ø–æ–ª–Ω–∏—Ç—å —Å–≤–æ—é –º–µ—á—Ç—É",Hittomi,5555,16777,1500,700,2090,18.10.2022,
126,"–¢–µ—Ä—Ä–∏—Ç–æ—Ä–∏—è –û–ø—ã—Ç–Ω–æ–π ""–õ""",–ò–º–±—É–ª—è,TIM_poperdim,1000,1800,800,800,1650,18.10.2022,https://vk.com/topic-131054616_48663772?post=4257
127,–ß–∏–ª–ª –∑–æ–Ω–∞ —Ä–æ–∫–≤–∞–Ω–¥–∞–ª–∞,–∑–∞–ø—Ä–µ—Ç–æ—á–∫–∞,RockVandal,1450,-17650,2000,178,-2204,19.10.2022,
128,Rezdin,,Rezdin,9984,24319,1500,1258,3024,20.10.2022,
129,–õ–ø 2–æ–π —Ä–∞–π–æ–Ω,–ª–∏—á–Ω–æ–µ –ø—Ä–æ—Å—Ç—Ä–∞–Ω—Å—Ç–≤–æ —Å —Ç–≤–æ—Ä—á–µ—Å–∫–æ–π —Å–≤–æ–±–æ–¥–æ–π –¥–ª—è –∫–∞–∂–¥–æ–≥–æ.,_shizic_,22400,-122,1500,2800,-3,24.10.2022,
130,–î—ã—Ä—è–º–±–∞,–ù—É –∏ –¥—ã—Ä–∞...,KoTYarK,-830,22540,1000,-100,2800,25.10.2022,
131,–Ø–º–∞ –ë–∞—Ç—Ç–∏—Å—Ç,–ó–∞–ø—Ä–µ—Ç–∫–∞, AmerigoBattista,4800,-24000,2000,600,-3000,03.11.2022,
132,–ß–ò–õ –ó–û–ù–ê Wangis_,–û—á–µ–Ω—å –∫—Ä—É—Ç–æ–π –æ—Ç–¥—ã—Ö–∞—Ç–µ–ª—å–Ω—ã–π –∫–æ–º–ø–ª–µ–∫—Å –°–ü.,Wangis_,3201,-17067,1000,391,-2152,04.11.2022,
133,–Ø–º–∞–Ω—Ç–∞—É,–ü—Ä–∞–≤–∏—Ç–µ–ª—å—Å—Ç–≤–µ–Ω–Ω—ã–π –±—É–Ω–∫–µ—Ä –≤ —Å–Ω–µ–∂–Ω—ã—Ö –≥–æ—Ä–∞—Ö –Ø–º–∞–Ω—Ç–∞—É.,_SimpleDun,-6250,9700,500,1210,-780,05.11.2022,
134,—Ç–µ—Ä–∞ Proxladniy,—è –ª–æ—Ö,proxladniy,21248,-9535,2000,2656,-1176,06.11.2022,
135,OverSide,,Sauri_,-15174,1629,1000,-1912,208,08.11.2022,
136,–ì–∞–º–±—ç—Ä,,_Black_Sakura,-22783,-1284,1500,-2851,-164,09.11.2022,
137,–°–∞—É–Ω—Ç–≥–µ–º–ø—Ç–æ–Ω,–í—Ö–æ–¥–∏—Ç –≤ –¢–°–ö–ü. –î–∏—Å–∫–æ—Ä–¥ –º—ç—Ä–∞: Maykur#3192.,Maykur,-11500,-13500,1500,-1430,-1710,12.11.2022,https://vk.com/topic-131054616_48663772?offset=200
138,–ß–∞—Å—Ç–Ω–∞—è —Ç–µ—Ä—Ä–∏—Ç–æ—Ä–∏—è Gantiskon,,Gantiskon,20884,-22924,2000,2610,-2865,12.11.2022,
139,—Ç–µ—Ä—Ä–∞ Rilby,–ï–±–µ–π—à–∞—è —Ç–µ—Ä—Ä–∞ –ø–æ–¥ —Ñ–µ—Ä–º—ã –∞—Ä—Ç—ã –∏ —Ç.–ø.,Rilby,20100,-118650,400,2510,-1480,12.11.2022,-
140,–≠—Ç–æ –Ω–µ —Ç–µ—Ä—Ä–∞ —Ñ—Ä–∞–π–±–µ—Ä–≥–∞,–í—ã –∑–∞–µ–±–∞–ª–∏ —ç—Ç–æ –Ω–µ —Ç–µ—Ä—Ä–∞ —Ñ—Ä–∞–π–±–µ—Ä–≥–∞ –Ω–µ –±–µ—Ä–∏—Ç–µ –æ—Ç —Ç—É–¥–∞ —Ä–µ—Å—ã,Toxic_DTV,-8625,-19051,1500,-1087,-2395,18.11.2022,https://vk.com/topic-131054616_48663772?post=4237
141,–î–µ—Ä–µ–≤–Ω—è –£–°,–¢–µ—Ä—Ä–∞ Zmeson,Zmeson,-4721,5380,100,-590,672,24.11.2022,-
142,–¢–µ—Ä—Ä–∏—Ç–æ—Ä–∏—è Kaharbis,,Kaharbis,-17565,-1111,1000,-2200,-142,25.11.2022,-
143,–ì–µ–Ω–∏–∞–ª—å–Ω–æ,—Ç–µ—Ä—Ä–∏—Ç–æ—Ä–∏—è –∏–≥—Ä–æ–∫–∞ macnabochok 2–∫ —Ä–∞–¥–∏—É—Å,macnabochok,20300,8455,2000,2537,1056,28.11.2022,https://vk.com/topic-131054616_48663772?offset=380
144,"–¢–µ—Ä—Ä–∏—Ç–æ—Ä–∏—è –∏–≥—Ä–æ–∫–∞
dadaaga",–ù–µ—Ç,dadaaga,-15423,-1048,1000,-1927,-131,02.11.2022,-
145,–¢–æ–ø –•–∞—Ç–∞ –†–∞–∫—Å–∞,–ù–µ –≤—Ö–æ–¥–∏—Ç—å –∑–∞–ø—Ä–µ—Ç–∫–∞,I_Rax_I,-5118,-15738,650,-642,-1968,06.10.2022,https://vk.com/gepe5?w=wall-131054616_87796%2Fall
146,–ë–∞–∑–∞ Grillond –∏ KinderPin,–ë–∞–∑–∞ –∏–≥—Ä–æ–∫–æ–≤ Grillond –∏ KinderPin,Grillond,-24000,2400,500,-3000,294,09.12.2022,https://vk.com/topic-131054616_48663772?offset=380&z=photo-131054616_457252137%2Fpost-131054616_4279
147,Paradise,–ì–ª–∏–± –≥–ª–∏–± –≥–ª–∏–±,"Xiore, Rammelb1rne",4243,-21115,500,539,-2617,03.12.2022,https://vk.com/topic-131054616_48663772?post=4275
148,—à—Ç–∞–± –ø–∞—Ä—Ç–∏–∏ –ö–ú–ü–°–ü 2,—à—Ç–∞–± –ø–∞—Ä—Ç–∏–∏ –ö–ú–ü–°–ü 2,BaBiEdA,-2544,-19634,2000,-318,-2452,10.12.2022,
149,SUNRAR,—Ç—É—Ç –∂–∏–≤—ë—Ç –æ–±—ã—á–Ω—ã–π –æ—Ç—à–µ–ª—å–Ω–∏–∫ ,SUNRAR,1400,24800,2000,174,3100,11.12.2022,
150,–ë–∞–∑–∞ MrXott,–ó–ê–ü–†–ï–¢–ö–ê,MrXott,2499,-29893,1000,316,-2990,13.12.2022,
151,123,–ø–æ—Ö—É–π–ø–æ—Ö—É–π,keorii,-400,7100,1000,-50,888,05.06.2022,https://vk.com/topic-131054616_48663772?post=3517
152,–î—Ä–∏—Å—Ç–µ–ª—å,"–ù–µ–±–æ–ª—å—à–∞—è —Ç–µ—Ä—Ä–∞, –ø–æ–¥ –ª–∏—á–Ω–æ–µ –ø–æ–ª—å–∑–æ–≤–∞–Ω–∏–µ.",ne_drister,-13071,7272,500,-1640,-,14.12.2022,-
153,–ê–Ω—Ç–æ–Ω—á–∏–∫,–¥–∞,MrNapsik,108,-24744,500,17,-3088,15.12.2022,
154,meow,meowmeow,VunderFaffle,10000,5555,1000,1200,200,01.10.2022,https://vk.com/topic-131054616_48663772?post=4185
155,"–∑–∞–≥–æ–Ω ""—Å–∏–≤–∞—è –∫–æ–±—ã–ª–∞""",200 –º–µ—Ç—Ä–æ–≤ –æ—Ç –≤–∞—Å,TIXOH227,-15307,746,1000,-1909,87,19.12.2022,
156,–ü–æ—Å–µ–ª–µ–Ω–∏–µ —Å—Ç–∞—Ä–æ–≤–µ—Ä–æ–≤,–°—Ç–∞—Ä–æ–≤–µ—Ä—á–µ—Å–∫–æ–µ –ø—Ä–∞–≤–æ—Å–ª–∞–≤–Ω–æ–µ –ø–æ—Å–µ–ª–µ–Ω–∏–µ —Å—Ä–µ–¥–∏ –º–∞–Ω–≥—Ä–æ–≤—ã—Ö –±–æ–ª–æ—Ç.,Ddimantus,18732,-13941,500,2350,-1743,08.10.2022,https://vk.com/wall-131054616_87863
157,–¢–µ—Ä—Ä–∏—Ç–æ—Ä–∏—è OVERHAND_,–ß–∞—Å—Ç–Ω–∞—è —Ç–µ—Ä—Ä–∏—Ç–æ—Ä–∏—è OVERHAND_,OVERHAND_,-19500,-4500,1500,-2434,-580,18.11.2022,
158,Ohio,–ª—é—Ç–∞—è –∑–∞–ø—Ä–µ—Ç–∫–∞ —Ç–æ–ª—å–∫–æ –¥–ª—è —Å–≤–æ–∏—Ö –±—Ä–∞—Ç–∏–∫–æ–≤,Cobbla,1225,-18725,500,148,:-2340,26.12.2022,
159,–¢–µ—Ä—Ä–∏—Ç–æ—Ä–∏—è –ú–∞—É–¥–∑–∞,–¢–µ—Ä—Ä–∏—Ç–æ—Ä–∏—è –¥–ª—è —Å–≤–æ–∏—Ö –Ω—É–∂–¥ –∏ –ø–ª–∞–Ω–æ–≤.,maudzz,2530,17200,1300,305,2147,01.01.2023,
160,–ë–∞–Ω–∞–Ω–∏,–ß–∞—Å—Ç–Ω–∞—è –¢–µ—Ä—Ä–∏—Ç–æ—Ä–∏—è,__LegoLite__,3450,-15150,500,425,-1896,01.01.2023,
161,–¢–µ—Ä—Ä–∏—Ç–æ—Ä–∏—è –î–µ–±–∞—Ç—Ä—ã,–ß–∞—Å—Ç–Ω–æ–µ –≤–ª–∞–¥–µ–Ω–∏–µ,_Debatra_,-3500,5050,144,-435,623,02.01.2023,-
162,–î–´–†–ê,–ë–∞–∑–∞ –®–ê–†–ò–ö –ù–£–ë –ò –í–ï–†–¢–ê–õ–ï–¢–ê —Ç–æ–ø —á–µ–ª—ã –∞—Ö—Ö–∞—Ö–∞—Ö–∞,ShurikNu,-3580,65,2000,-438,15,04.01.2023,-
163,–†–∏–≤—Å–∫—Ä–∞–π,–ù–µ–±–æ–ª—å—à–æ–π –æ—Å—Ç—Ä–æ–≤–æ–∫ –±–æ–∑–æ–ø–∞—Å–Ω–æ—Å—Ç–∏ –∏–≥—Ä–æ–∫–∞ mmAAmmAA,mmAAmmAA,12558,3675,750,1566,447,06.01.2023,https://vk.com/topic-131054616_48663772?post=4169
164,–ö–∞–π–æ-–ü–µ—Ä–∏–∫–æ,"–ì—Ä–∞–±–∏–º –≠–ª—å–±—É–±–∏–æ –∫–∞–∂–¥—ã–µ 45 –º–∏–Ω—É—Ç, –ø—Ä–∏—Å–æ–µ–¥–µ–Ω—è–π—Ç–µ—Å—å",Poproshaika89,4186,7228,1000,511,900,06.01.2023,-
165,–ë–∞–∑–∞ Alternativchik_,–ó–∞–ø—Ä–µ—Ç–Ω–∞—è —Ç–µ—Ä—Ä–∏—Ç–æ—Ä–∏—è –¥–ª—è –≤—Å–µ—Ö,Alternativchik_,-3766,-5179,500,-470,-679,07.01.2023,-
166,–ì—Ä–∏–±–Ω–æ–π –æ—Å—Ç—Ä–æ–≤ CuBeNasa,-,CuBeNasa,22274,21794,500,2784,2724,08.01.2023,
167,–ë–∞–∑–∞ –ø—Ä–æ—Ñ–∏–∫—Å–∞ 2,–ï—â—ë –±–æ–ª—å—à–µ –≥—Ä–∏–±–Ω—ã—Ö –æ—Å—Ç—Ä–æ–≤–æ–≤ —Å –∫—É—á–µ–π –≤—Å–µ–≥–æ,ProFix_,-9125,-24221,2000,-1133,-3034,08.01.2023,
168,–ß–∞–π—Ö–∞–Ω–∞,"–ö–∞–∫ –õ–∞—Å-–í–µ–≥–∞—Å, —Ç–æ–ª—å–∫–æ —á–∞–π—Ö–∞–Ω–∞",Begem0t1k,-49,17424,250,-5,2178,08.01.2023,-
169,–ù–µ–≤–µ—Ä–º–æ—Ä—å–µ,–ì–æ—Ä–æ–¥ –¥—Ä—É–∑–µ–π —Å —Ä–∞–∑–Ω—ã–º–∏ —Å—Ç–∏–ª–∏—Å—Ç–∏–∫–∞–º–∏ –≤ –∫–æ—Ç–æ—Ä–æ–º –≤—Å–µ–≥–¥–∞ –µ—Å—Ç—å –ø—Ä–∏–∫–ª—é—á–µ–Ω–∏–µ Izh eyik hedoq,NevetMet,-54,-6249,700,-20,-777,09.01.2023,
170,–ë–∞–∑–∞ –∫–µ–Ω–∫–∏—Ç—É—Å–∞,–ù–∞—á–∞–ª—å–Ω–∞—è –ø—Ä–∏–≤–∞–ª.,ceencituus,-1406,-18751,1000,0,-2337,09.01.2023,
171,"–õ–µ–≥–∏–æ–Ω BC –ö–æ–∞–ª–∏—Ü–∏–∏ ""–ë–∏—Ä—é–∑–æ–≤–∞—è –ó–∞—Ä—è –•–∞–π–≥—Ä–∞—É–Ω–¥–∞""","–õ–µ–≥–∏–æ–Ω BC –ö–æ–∞–ª–∏—Ü–∏–∏ ""–ë–∏—Ä—é–∑–æ–≤–∞—è –ó–∞—Ä—è –•–∞–π–≥—Ä–∞—É–Ω–¥–∞""",TsarKhranitel,-6300,3100,150,-780,375,11.01.2023,-
172,"–ü–æ—Ä—Ç–∞–ª 
(—Ñ–∞—Ä–º–∏–ª–∫–∞)",–ó–∞–∫—Ä—ã—Ç–∞—è —Ñ–µ—Ä–º–∞ –æ–ø—ã—Ç–∞,AirosGaming,117,-3850,350,13,-495,19.01.2023,-
173,–û–∞–∑–∏—Å –§–ª–æ—É,–ö—Ä—É—Ç—ã–µ –≥–æ—Ä—ã —Å –¥–∂—É–Ω–≥–ª—è–º–∏ –∏ –∫—Ä–∞—Å–∏–≤—ã–º –æ–∫–µ–∞–Ω–æ–º.,kessuk,-10900,-19300,1000,-1350,-2420,21.01.2023,-
174,–ú–æ–¥–Ω–∞—è –±–∞–∑–∞,–ë–∞–∑–∞ –ú–∞–º–∏–Ω–æ–≥–æ –º–æ–¥–Ω–∏–∫–∞ VG - Vagina Grif,Mamin_ModnikVG,-1796,2674,300,-229,-325,12.02.2023,
175,–Ø–º–∞ —Å–∞—à–∏ —Å–ª–æ–Ω–∏–∫–∞,—è–º–∞,_Sasha_Slonk_,80,6712,2000,10,839,13.02.2023,-
176,–ì–æ—Ä–Ω–∞—è –¥–µ—Ä–µ–≤–Ω—è,-,coba4ka3,3037,23966,1000,385,3002,18.02.2023,-
177,MisterDinar,–î—Ä–µ–≤–Ω–∏–π –ì–æ—Ä–æ–¥,MisterDinar,18848,-1047,500,2358,-133,18.02.2023,-
178,–ë–∞–∑–∞ Super_Klep,–ë–∞–∑–∞ –¥–ª—è Super_klepa,Super_klepa,2788,5053,500,348,631,19.02.2023,-
179,"–§–µ—Ä–º–∞ –æ–ø—ã—Ç–∞
pipiskina",–£–±–µ–∂–∏—â–µ –∏ –§–µ—Ä–º–∞ –æ–ø—ã—Ç–∞ –∑–æ–º–±–∏ –∏ —Å–∫–µ–ª–µ—Ç–æ–≤,MEGApipiskin228,192,-6119,55,12,-756,19.02.2023,
180,–ë–µ—Ä–ª–æ–≥–∞ –î–≤—É—Ö –ú–∞–ª—ã—à–µ–π,"–ù—É —á–æ, –ø—Ä–æ—Å—Ç–æ —Ç–µ—Ä—Ä–∏—Ç–æ—Ä–∏—è –¥–ª—è –±–∞–∑—ã —Ç–∞–º, —Å–∫–ª–∞–¥–∞","Akimyro, Boobaw",-23852,-18484,1500,-3124,-2323,19.02.2023,-
181,REZEKNE,-,redfashonka,1790,1864,70,223,233,19.02.2023,-
182,rrr,–í–∞–π–±–æ–≤–æ–µ –º–µ—Å—Ç–æ,rkrr_,2000,24000,500,258,2967,20.02.2023,-
183,–∞—Ä—Ç–æ–≤–∞—è –±–æ–º–±–∏–ª—å–Ω—è,–±–ª—è –Ω–µ –∑–∞—Ä–µ–≥–∞–Ω–∞ —Å –ª–µ—Ç–∞ —è –≤ –∞—Ö—É–µ,daridie,6590,2690,500,830,310,20.02.2023,-
184,–ú–µ–≥–∞—Å—Ç—Ä—É–∫—Ç—É—Ä–∞,"¬´–ú–µ–≥–∞—Å—Ç—Ä—É–∫—Ç—É—Ä–∞¬ª ‚Äî —ç—Ç–æ –æ–≥—Ä–æ–º–Ω–∞—è, –Ω–µ–∑–∞–≤–∏—Å–∏–º–∞—è, –∏—Å–∫—É—Å—Å—Ç–≤–µ–Ω–Ω–∞—è –∫–æ–Ω—Å—Ç—Ä—É–∫—Ü–∏—è –≤ –≤–∏–¥–µ –æ–±—à–∏—Ä–Ω–æ–≥–æ –∏ —Ö–∞–æ—Ç–∏—á–Ω–æ –∑–∞—Å—Ç—Ä–æ–µ–Ω–Ω–æ–≥–æ –∫–æ–º–ø–ª–µ–∫—Å–∞ –∏–∑ –º–µ—Ç–∞–ª–ª–∞, –±–µ—Ç–æ–Ω–∞ –∏ –ø–æ–ª–∏–º–µ—Ä–æ–≤. –ï—ë —Ç–æ—á–Ω—ã–µ —Ä–∞–∑–º–µ—Ä—ã –Ω–∞ –¥–∞–Ω–Ω—ã–π –º–æ–º–µ–Ω—Ç –Ω–µ–∏–∑–≤–µ—Å—Ç–Ω—ã. –û–¥–Ω–∞–∫–æ –∏–∑ –ø—Ä–µ–¥—ã—Å—Ç–æ—Ä–∏–∏ –Ω–∞–º –∏–∑–≤–µ—Å—Ç–Ω–æ, —á—Ç–æ –ú–µ–≥–∞—Å—Ç—Ä—É–∫—Ç—É—Ä–∞ –≤–æ–∑–Ω–∏–∫–ª–∞ –Ω–∞ –ó–µ–º–ª–µ –∏ –ø–æ—Å—Ç–µ–ø–µ–Ω–Ω–æ —Ä–∞–∑—Ä–æ—Å–ª–∞—Å—å –¥–æ —Ç–∞–∫–∏—Ö —Ä–∞–∑–º–µ—Ä–æ–≤, —á—Ç–æ –¥–æ—Å—Ç–∏–≥–ª–∞ –õ—É–Ω—ã.",lShayLl,-15000,1300,750,-1875,160,21.02.2023,-
185,–ê—Å—Ç–µ—Ä,–ö—Ä—É—Ç–∞—è –±–∞–∑–∞ –¥–ª—è –ø–æ–ª–Ω–µ–π—à–µ–≥–æ —Ä–∞—Å—á–∏–ª–ª–∞,lepol9,11192,-370,1200,1400,-47,"22.02.
2023",
186,–§–∞–Ω–∞–≥–æ—Ä–∏—è,–ü–æ–¥–≤–æ–¥–Ω–∞—è –±–∞–∑–∞,Capybarych,12002,-10744,500,1500,-1343,23.02.2023,-
187,Redstore showroom,"–ú–µ—Å—Ç–æ, –≥–¥–µ –º–æ–∂–Ω–æ –ø–æ—Å–º–æ—Ç—Ä–µ—Ç—å –Ω–∞ –º–µ—Ö–∞–Ω–∏–∑–º—ã –∫–æ—Ç–æ—Ä—ã–µ –±—ã–ª–∏ –ø–æ—Å—Ç—Ä–æ–µ–Ω—ã —Å–æ—Ç—Ä—É–¥–Ω–∏–∫–∞–º–∏ —Ñ–∏—Ä–º—ã Redstore.",MrTimurer,-6475,-42,200,-800,0,24.02.2023,
188,–°—Ç–∞—Ä–∞—è –ö—É–∫–∫–æ–≤–∫–∞,–û–±—ã—á–Ω–∞—è —É—é—Ç–Ω–∞—è –¥–∞—á–∞,Konstantinushka,15900,-6400,750,1985,-802,25.02.2023,
189,–ë–∞–∑–∞ Tinnchik,–Ω—É –º–æ—è –±–∞–∑–∞ –Ω–∞ –∫–æ—Ç–æ—Ä–æ–π —è –±—É–¥—É —Å—Ç—Ä–æ–∏—Ç—å —Ñ–µ—Ä–º—ã –∏ –ø–∞—Ä—É –¥–æ–º–∏–∫–æ–≤,Tinnchik,2050,13050,350,256,1630,26.02.2023,
190,Santorini,–¢–µ—Ä—Ä–∏—Ç–æ—Ä–∏—è NoxxyLX,NoxxyLX,23145,3799,1500,2902,474,02.03.2023,-
191,kakul,–ë–µ–∑ –æ–ø–∏—Å–∞–Ω–∏–µ,kakitch,23232,6276,1500,2902,900,03.03.2023,-
192,–ì–æ—Ä—ã Keimda,–ö—Ä—É—Ç—ã–µ –≥–æ—Ä—ã,Kasturagil,5060,24244,280,570,3033,03.03.2023,
193,"–ó–æ–Ω–∞ —Ñ–µ—Ä–º 
Betankur",–§–µ—Ä–º—ã,Betankur,-7541,-370,150,-932,-32,03.03.2023,-
194,–õ–µ—Å–Ω–∞—è –∫–æ–ø–æ—Ç—å,–ñ—ë—Å—Ç–∫–∞—è —è–º–∞ –ª–µ—Å–Ω–æ–π –∫–æ–ø–æ—Ç–∏,Furt1k,-10219,-1450,450,-1277,-181,03.03.2023,-
195,–ø—Ä–∏–≤–µ—Ç –ê–ª–∏—Å–∞,—Å–∫—Ä–æ–º–Ω—ã–π —á–µ–ª–æ–≤–µ—á–µ–∫ –ø–æ—Å—Ç—Ä–æ–∏–ª —è–º–æ—á–∫—É,upakowka,-14110,-8447,500,-1777,-1055,04.03.2023,
196,–ö–æ–ø–µ—Ä—Å–∫–∞—è –Ω–∞—Ä–æ–¥–Ω–∞—è —Ä–µ—Å–ø—É–±–ª–∏–∫–∞,–ï–¥–∏–Ω—Å—Ç–≤–µ–Ω–Ω–æ–µ –º–µ—Å—Ç–æ –Ω–∞ —Å–ø –±–µ–∑ –∫–∏—Ä–ª–∞,svin_goool,17100,505,2000,2134,83,05.03.2023,-
197,"–ö–æ–ª–æ–Ω–∏—è –•—É—Ç–∞–∫–ø–∞–∑ 
–°–∏—Ç–∏",-,AlcGamer137,24801,23867,2000,3100,2983,05.03.2023,-
198,—Ç—É–ø–æ –±–∞—à–Ω—è,-,galaganfet1,23160,7950,300,2895,998,05.03.2023,-
199,Gutterra,,Gutelbergn,24880,-5460,1000,3110,-669,06.03.2023,-
200,–î–æ–ø—É—Å—Ç–∏–º,–ú–µ—Å—Ç–æ –¥–ª—è —Ñ–µ—Ä–º—ã —Ç–æ—Ç–µ–º–æ–≤,Ne0ni,17695,12520,1000,2210,1563,06.03.2023,-
201,–ê—Ä—Ç–≥—Ä–∞–¥,–ú–µ—Å—Ç–æ –∑–∞—Ä–æ–∂–¥–µ–Ω–∏—è –ø—Ä–µ–¥–º–µ—Ç–æ–≤ –∏—Å–∫—É—Å—Å—Ç–≤–∞,Windrath,-14830,-9196,750,-1847,-1150,07.03.2023,-
202,–ö–∏—Ä–±–∏!,"–ë–æ–ª—å—à–æ–π –ø–æ–∑–∏—Ç–∏–≤–Ω—ã–π –∫–∏—Ä–±–∏!!! –û–Ω —Å–∏–¥–∏—Ç –≤ —Å–ø–∞—Å–∞—Ç–µ–ª—å–Ω–æ–º –∫—Ä—É–≥–µ –ø–æ —Å—Ä–µ–¥–∏ –æ–∫–µ–∞–Ω–∞, —á–∏—Å—Ç–æ —á–∏–ª–∏—Ç. –≤ –Ω—ë–º –º–æ–π –¥–æ–º –∏ —Ä–µ—Å–∏.",Medych,-6871,-121,400,-858,-15,15.03.2023,
203,–†—ã–±–Ω—ã–π  –∫—É–ø–æ–ª,"–∫—É–ø–æ–ª –ø–æ–¥ –≤–æ–¥–æ–π, –µ—Å—Ç—å –Ω–µ–±–æ–ª—å—à–æ–π –≤–æ–¥–æ—ë–º —Å –ª–æ–≤–ª–µ–π —Ä—ã–±—ã",artim2,6065,1437,100,764,180,08.03.2023,
204,"–ì–ª–∞–≤–Ω—ã–π –û—Ñ–∏—Å ""–û–ö–ë–†""",–ú–µ—Å—Ç–æ –±–∞–∑–∏—Ä–æ–≤–∞–Ω–∏—è –ß–∞—Å—Ç–Ω–æ–π –û—Ö—Ä–∞–Ω–Ω–æ–π –ö–æ–º–ø–∞–Ω–∏–∏,ToriLandori,42,-11736,350,-1478,5,10.03.2023,
205,–ì—Ä–∏–±–Ω–∞—è –ø–æ–ª—è–Ω–∞,—ç—Ç–æ –Ω–∞—à–∏ –≥—Ä–∏–±—ã –∏ –º—ã –∏—Ö –µ–¥–∏–º,Murom,16000,-400,500,2000,0,10.03.2023,
206,–ú–∞–≥–∞–∑–∏–Ω –ê—Ä—Ç–æ–≤,-,Radiograf,-1509,2666,150,-124,392,10.03.2023,-
207,–í–æ–¥—è–Ω–∞—è —è–º–∞,-,Vodash_,19800,-4110,1500,2471,-495,10.03.2023,-
208,–õ—É–∫–æ–≤—ã–µ –ø–æ–ª—è,"–¢–µ—Ä—Ä–∏—Ç–æ—Ä–∏—è –∏–≥—Ä–æ–∫–∞ OriginalTric, –≥–¥–µ –æ–Ω —Å–∏–¥–∏—Ç –∏ —Ä–∞—Å–ø–∏–≤–∞–µ—Ç —á–∞–∏, –æ—Ç–¥—ã—Ö–∞–µ—Ç –∏ –ø—Ä–æ—Å—Ç–æ –ê–§–ö—à–∏—Ç.",OriginalTric,13942,-2400,900,1742,-300,10.03.2023,-
209,–¢–µ—Ä—Ä–∏—Ç–æ—Ä–∏—è ZAVINIL3,—á–∞—Å—Ç–Ω–∞—è –±–∞–∑–∞ –∏–≥—Ä–æ–∫–∞ ZAVINIL3,ZAVINIL3,131,17496,45,10,2196,11.03.2023,-
210,–®–∞—Ö—Ç–∞ –õ–µ—Ä—É–∞ –ú–µ—Ä–ª–µ–Ω,–®–∞—Ö—Ç–∞ –¥–ª—è –¥–æ–±—ã—á–∏ —Ä—É–¥ –∏ —Ä–∞–∑–Ω—ã—Ö –∏—Å–∫–æ–ø–∞–µ–º—ã—Ö,Pablorich,-107,14107,2000,-15,1761,11.03.2023,-
211,Dota2 enjoyers,–ë–∞–∑–∞ –¥–æ—Ç–µ—Ä–æ–≤,NopyNice,16,22467,1000,18,2792,11.03.2023,-
212,Naval base,–û—Ç—Å—É—Ç—Å—Ç–≤—É–µ—Ç,Akovi,-23815,-3552,1000,-2976,-441,12.03.2023,-
213,–ß–∏–ª–ª-—Ç–µ—Ä—Ä–∞ –î–æ–±—Ä—è–∫–æ–≤,"–¢–µ—Ä—Ä–∏—Ç–æ—Ä–∏—è –¥–ª—è –¥—Ä—É–∑–µ–π, —á–∏–ª–ª–∞ –∏ –†–ü",K1ndM4n,-23848,-9488,1000,-2981,-1186,12.03.2023,-
214,–ë–∞–∑–∞ ProstaCh'–∫–∞,-,ProstaChek_55555,-12417,6527,100,-1552,818,12.03.2023,
215,–¢–µ—Ä—Ä–∞ Mibra_421,–¢–µ—Ä—Ä–∞,Mibra_421,933,5673,1000,116,-709,12.03.2023,-
216,–ö—Å–µ–ø–æ–º—Å–∫–∞—è –±–∞–∑–∞,–û–±—à–∏—Ä–Ω—ã–µ —Å–Ω–µ–∂–Ω—ã–µ –ª–µ—Å–∞,XEPOM,-257,17155,500,-4,2153,13.03.2023,-
217,"–õ—é—Ç–∞—è 
—Ñ–∞—Ä–º–∏–ª–∫–∞",6 —Å–ø–∞–≤–Ω–µ—Ä–æ –≤ —Ä–∞–¥–∏—É—Å–µ 100 –±–ª–æ–∫–æ–≤,Mr_Nyawka,-3095,22604,500,-387,2825,13.03.2023,-
218,–°–≤—è—Ç–æ–π —Ç–æ–ª—á—ë–∫,–ë–∞–∑–∞ Super_Klepa –∏ B1acWh1te. –ù–∏–∫–æ–º—É –Ω–µ —Ä–∞–¥—ã).,B1ackWh1te,314,-18557,250,37,-2324,14.03.2023,-
219,–ö–∞—Ä—Ç–æ—à–∫–∞–õ–µ–Ω–¥,-,Kartoxa11,14790,5193,1500,1840,647,16.03.2023,-
220,–¢–µ—Ä—Ä–∏—Ç–æ—Ä–∏—è Ta4Er06,"–ø–æ–∂–∏–ª–∞—è —Ç–µ—Ä—Ä–∏—Ç–æ—Ä–∏—è, –∑–∞—Ä–µ–≥–∏—Å—Ç—Ä–∏—Ä–æ–≤–∞–Ω–∞ 06.10.22 –≤—Ö–æ–¥–∏—Ç –≤ –¢–°–ö–ü",Ta4Er06,-14800,-10600,2000,-1850,-1325,06.10.2022,https://vk.com/topic-131054616_48663772?post=4199
221,"–¢–µ—Ä—Ä–∏—Ç–æ—Ä–∏—è
Salam0n",—Ç—É–ø–∞ —Ç–µ—Ä–∞ —Å –º–∞–Ω–≥—Ä–æ–≤—ã–º –±–æ–ª–æ—Ç–æ–º –≤ 4 —á–∞–Ω–∫–∞,Salam0n,-10500,-17300,2000,-1312,-2160,07.10.2022,https://vk.com/topic-131054616_48663772?post=4215
222,–ó–∞–±–∏–≤–Ω–∞—è –±–∞–∑–∞ ,—è–º–∞ –∑–∞–±–∏–≤–µ—Ä–∞,FishOfr,11637,935,2000,1469,104,18.03.2023,-
223,–ë–∞–∑–∞ –∏–≥—Ä–æ–∫–∞ no4n1k,"–õ–∏—á–Ω–∞—è –±–∞–∑–∞, –≤—Ö–æ–¥ —Ç–æ–ª—å–∫–æ –¥–ª—è —Å–≤–æ–∏—Ö",no4n1k,-23586,1363,125,-2945,170,18.03.2023,-
224,bitcoin,–≥–æ—Ä–æ–¥ –¥–ª—è –∫—Ä—É—Ç—ã—à–∞–∫ –∏ –∑–∞–±–∏–≤–µ—Ä–æ–≤ –∏–∑ —á–≤–∫ —Ä–µ–¥–∞–Ω -–µ—Å–ª–∏ –≤—ã –ù–ò–ö–ò–¢–ê –∏–¥–∏—Ç–µ –Ω–∞—Ö—É–π -–≤–ª–∞–∂–∏—Ç–µ—Å—å –≤ –Ω–∞—à –≥–æ—Ä–æ–¥ -–µ—Å–ª–∏ –≤—ã –∑–µ–∫ –≤–∞–º —Å—é–¥–∞ –º—ã –≤–∞–º –ª—é–±–∏–º,_sataa_,-10747,-245,500,-1342,-29,18.03.2023,-
225,–ü–µ–Ω—ë–∫,–ü–µ–Ω—å,Arhitoshka,9204,-2284,200,1150,-293,18.03.2023,-
226,–¢–∞–ª—å–ø–∞,–í–∞—É—Ä–Ω,0ligofren,-13500,-10500,1000,-1690,-1320,23.06.2022,https://vk.com/topic-131054616_48663772?post=4052
227,–∫—Ä—É—Ç–æ–π,–∫—Ä—É—Ç–æ–π,shhhhweeeps,-11273,-540,600,-1416,-55,22.03.2023,-
228,–ß–∏–≤–∞–ø—á–∏—á–∞,-,SirTulpa,15716,6028,500,1967,751,22.03.2023,-
229,–¢–µ—Ä—Ä–∏—Ç–æ—Ä–∏—è feretok,–ù–µ–±–æ–ª—å—à–∞—è —Ç–µ—Ä—Ä–∏—Ç–æ—Ä–∏—è –ø–æ–¥ —è–º—É,feretok,-14072,-8424,400,-1777,-1060,18.05.2023,-
230,–ü–æ—Å–µ–ª–æ–∫ –ö–∏–µ–≤,–ø–æ—Å–µ–ª–µ–Ω–∏–µ –ø–µ—Ç—Ä—É—Ö–∏ –∏ –≤–∏–∫—Ç–æ—Ä–æ–≤–∏ —á–∞ –≥–¥–µ –ø—Ä–æ—Ö–æ–¥—è—Ç —è—Ä–º–æ—Ä–∫–∏ –∏ –∫—Ä–µ—â–µ–Ω–∏–µ —Ä—É—Å–∏,Peta20001000,1380,-24869,150,174,-3097,23.03.2023,-
231,Site-02,-,TuRTiK,-7906,-20818,2000,991,2610,23.03.2023,-
232,–¢—É–≥–∞–Ω —è–∫,–í—Ä–µ–º–µ–Ω–Ω–∞—è –±–∞–∑–∞? c –≤–æ–∑–º–æ–∂–Ω—ã–º —Ä–∞–∑–≤–∏—Ç–∏–µ–º –¥–æ –≥–æ—Ä–æ–¥–∞,Bukhanka1234,-17158,-1404,300,-2155,-180,24.03.2023,-
233,–ß–µ—Ä–µ–ø —Ç–∏—Ç–∞–Ω–∞,–ú–æ—è –±–∞–∑–∞ —Ç–∏–ø–æ —Å –¥–æ–º–∏–∫–æ–º —è —Ç–∞–º –∂–∏–≤—É,Hinila,32,-8000,150,10,-1000,25.03.2023,-
234,–ö–ª–∞–¥–±–∏—â–µ NeUr—ãlSonic,"–ü—Ä–∏—Ö–æ–¥–∏ —Å—é–¥–∞, –º—ã —Ç–µ–±—è –Ω–∞–ø–æ–∏–º –∏ –∑–∞–∫–æ–ø–∞–µ–º..",NeuralSonic,22875,2366,500,2848,295,26.03.2023,-
235,–Ω–µ—Ç—É,–Ω–µ—Ç—É,ch4klvn,-6907,-3689,500,-867,-440,27.03.2023,
236,–ö–æ–Ω—Ç–æ—Ä–∞ —Å—Ç—Ä–æ–∏—Ç–µ–ª–µ–π,-,pyhlash,-3984,20001,100,-488,241,27.03.2023,-
237,–ñ–æ—Ä–∞ –∫—Ä—ã—Å,–∫—Ä—É—Ç–∞—è —Ö–∞–π–ø–æ–≤–∞—è —Ç–µ—Ä—Ä–∏—Ç–æ—Ä–∏—è,Sleeper77713,1909,18080,2000,237,2262,28.03.2023,-
238,—É—Å–∞—Ç—ã–π —É–Ω–∏—Ç–∞–∑,-,mega_ponos,-3633,-24682,1000,-460,-3100,01.04.2023,-
239,–¢–µ—Ä—Ä–∏—Ç–æ—Ä–∏—è –ê—Ä—Ç–æ–≤,–Ω–∞ –¥–∞–Ω–Ω–æ–π —Ç–µ—Ä—Ä–∏—Ç–æ—Ä–∏–∏ —Å—Ç—Ä–æ—è—Ç—Å—è –≤–µ–ª–∏–∫–æ–ª–µ–ø–Ω—ã–µ –∞—Ä—Ç—ã –∏ —Ç–∞–∫–∂–µ –Ω–∞ –±–∞–∑–µ –ø—Ä–æ–∏—Å—Ö–æ–¥–∏—Ç –º–∞—Ç—Ä–∏–∞—Ä—Ö–∞—Ç.,"baby_cady, 
DariaWolker",13314,389,750,1659,4,03.04.2023,-
240,–Ø —Ç—É–ø–æ–π,—ç—Ç–æ –ø—Ä–∞–≤–¥–∞,ArcticAssassin18,-13900,-5900,750,-1737,737,05.04.2023,-
241,-,-,_CyMaCLLIeDLLIu_,-16473,5515,300,-2060,682,05.04.2023,-
242,–¢–∞–≥–∞–Ω—Ä–æ–≥,–¢–∞–≥–∞–Ω—Ä–æ–≥ –í–µ–ª–∏–∫–∏–π,Soup_p,529,23137,1500,63,2892,05.04.2023,-
243,–ö–æ–º–ø–ª–µ–∫—Å —Ñ–µ—Ä–º –∏ —Ä–∞–∑–≤–ª–µ—á–µ–Ω–∏–π,"–§–µ—Ä–º—ã –∏ 
—Ä–∞–∑–≤–ª–µ—á–µ–Ω–∏—è
",avatar4ikk4,19200,-6400,750,2400,-796,06.04.2023,-
244,parashik megaBASE,–õ–∏—á–Ω–∞—è –±–∞–∑–∞,parashik,14230,6270,1300,1800,780,09.04.2023,-
245,–±–∞–∑–∞ NoelleMain,-,NoelleMain,-18000,250,200,-2250,31,15.04.2023,-
246,–ú–µ–µ—Ä–ª–∞–Ω–¥-–°–∞–∞—Ä,"–ì–æ—Ä–æ–¥ —Å–æ—Å—Å–∫–∏—Ö –∫–æ–ª–æ–Ω–∏—Å—Ç–æ–≤ –Ω–∞ –±–µ—Ä–µ–≥–∞
—Ö —Ç—ë–ø–ª—ã—Ö –º–æ—Ä–µ–π",_DeN41k_,-8240,-6064,208,-1030,-758,16.04.2023,-
247,–Ø–º–∞ –í–µ–ª—Å–∞,-,MrWels_,4874,-14670,1600,608,-1835,16.04.2023,-
248,–ü–æ–¥–≥–æ—Ä–æ–¥–Ω–µ,–¢—É–ø–∞ —Ö–∞–ª—É–ø–∞ –ø–æ–∂–∏–ª–∞—è,Algrinus,17778,-8421,1200,2222,1052,16.04.2023,-
249,–°–Ω–æ—É–ì—Ä–∞–¥,–ë—É–¥–µ—Ç –≥–æ—Ä–Ω–æ–ª—ã–∂–Ω—ã–π –∫—É—Ä–æ—Ä—Ç,Wh1skyYy,7688,-5156,1000,976,-685,16.04.2023,-
250,–ß–∏–ø—Å—è–Ω—Å–∫,–•–∞—Ç–∞ –ß–∏–ø—Å–µ—Ä–∞ –∏ –∞–¥–º–∏–Ω–∞,una4ipser,-11224,8640,2000,-1389,1081,20.04.2023,-
251,–ê—Ä–∫—Ç–æ—Å,-,mr_4ayka,2360,-11900,350,205,-1487,23.04.2023,-
252,–ë–∞–∑–∞ TheMaxDid,"–ë–∞–∑–∞ –¥–≤—É—Ö –∏–≥—Ä–æ–∫–æ–≤, –∂–µ–ª–∞—é—â–∏–π —Ä–∞–∑–±–æ–≥–∞—Ç–µ—Ç—å, –Ω–æ –∫–æ—Ç–æ—Ä—ã–µ –∑–∞—Ö–æ–¥—è—Ç –Ω–∞ —Å–ø —Ä–µ–¥–∫–æ(",TheMaxDid,-20864,7359,500,-2651,917,23.04.2023,-
253,–±–∞–∑–∞ repu1ation,–∞—Ö–∞—Ö–∞—Ö–∞—Ö–∞—Ö,repu1ation,21000,1600,500,2625,200,24.04.2023,-
254,–ë–∞–∑–∞ Argentoz,-, Argentoz,-393,-13879,200,-42,-1743,27.04.2023,-
255,P.M.,-,Pee_Pe_Poo_Po,23419,5041,450,2927,630,28.04.2023,-
256,Avangard,"–ì—Ä—É–ø–ø–∞ –¥—Ä—É–∑–µ–π, —Å—Ç—Ä–æ–∏–º —Ñ–µ—Ä–º—ã –∏ —Ä–∞–∑–≤–∏–≤–∞–µ–º—Å—è. ",FallenIzAntihypa,3037,-11435,600,380,-1431,28.04.2023,-
257,Himirym,–ú–æ—è –±–∞–∑–∞ (—Ä–µ–∞–ª—å–Ω–æ) ,Himirym,53,-11392,1000,21,-1426,28.04.2023,-
258,—Ö–∑,–±–∞–∑–∞ –æ–≤–æ—â–∞,kapyctka,8251,-5287,300,1042,-677,30.04.2023,-
259,–ê–∫—Ç–∏–Ω–∏–π,–ú–µ—Å—Ç–æ –æ—Ç–∫—Ä—ã—Ç–æ –¥–ª—è –≤—Å–µ—Ö!,Loma2000,18254,-3615,1000,2282,-452,30.04.2023,-
260,LighteeFB,–ù–µ–±–æ–ª—å—à–æ–µ –ø–æ—Å–µ–ª–µ–Ω–∏–µ —Å —É–∫–ª–æ–Ω–æ–º –Ω–∞ –¥–æ–±—ã—á—É,Neon_Lighteer,73,5343,1000,19,674,05.05.2023,-
261,–ë–∞–∑–∞ –∏–≥—Ä–æ–∫–∞ Fr3d7_,-,Fr3d7_,-19436,167,500,-2424,22,06.05.2023,-
262,–ª–∏—á–Ω–∞—è –±–∞–∑–∞ Radiograf- –∞,–Ω—É –ø—Ä–æ—Å—Ç–æ –º–æ—è –±–∞–∑–∞ —Å —Ñ–µ—Ä–º–∞–º–∏ –∏ –≤—Å—è–∫–∏–º,Radiograf,5220,20590,500,653,2563,07.05.2023,-
263,–ë–∞–∑–∞,–±–∞–∑–∞ –∏–≥—Ä–æ–∫–∞ Zabba505,5opka,-16320,-10050,500,-2040,-1257,08.05.2023,-
264,—á—É–ø–∞–ø–∏,–º—É–Ω—è–Ω—è,triple_six_x7,614,-7034,500,76,-879,08.05.2023,-
265,–ì—Ä–∏–±–Ω–æ–π –û—Å—Ç—Ä–æ–≤,–¢–µ–Ω—Ö–Ω–∏—á–µ—Å–∫–∞—è –±–∞–∑–∞ —Å –≥—Ä–∏–±–æ—á–∫–∞–º–∏,KWAisenBerg,-9850,16100,500,-1230,2010,09.05.2023,-
266,–•–∏–Ω–∫–∞–ª—å–Ω—è,–°–æ–ª–æ –±–µ–π–∑ –±–ª–∞—Ç–Ω–æ–≥–æ –¥–µ–¥—Ö–∏–Ω–∫–∞–ª—è,deadHinkal,710,10578,1000,-103,1333,10.05.2023,-
267,LiveBurg,"–ë–∞–∑–∞ DWT, ZBT –∏ –∫–æ.",DizWasTaken,352,-3552,400,44,-444,10.05.2023,-
268,–ê–º–æ–≥—É—Å–Ω—ã–µ –ø–∞–¥–ª—ã,–ª–∞–¥–Ω–æ,Mificheskiy,-3545,19300,2000,-438,2406,11.05.2023,-
270,–ö–∏–±–µ—Ä–ø—É–ø–æ–∫,-,SK1L1,-2066,25000,1000,-258,3075,15.05.2023,-
271,"—Ö–µ–π—Ç–µ—Ä—ã 
–ª–µ–º–∏–∫—Å–∞","—Ç—É—Ç –Ω–µ
—Ä–∞–¥—ã –ª–µ–º–∏–∫—Å–∞–º",Blackwhite1188,17744,5072,2000,2220,635,17.05.2023,-
272,LapyLand,"–ë–∞–∑–∞ –¥–ª—è —Å—Ö—Ä–æ–Ω–∞, —á–∏–ª–∞ –∏ –≤—Å—ë —Ç–∞–∫–æ–µ...",xLapuly,5000,14000,1000,625,1750,18.05.2023,
273,"—Ç–µ—Ä—Ä–∏—Ç–æ—Ä–∏—è
NESPOSOBNOST",–æ–≥—Ä–æ–º–Ω–∞—è –º–µ—Å–∞ —Å –∫—É—á–µ–π –Ω–∏—à—Ç—è–∫–æ–≤,"NESPOSOBNO
ST",-22100,-23200,1000,-2760,-2900,18.05.2023,
274,–ë–∞–∑–∞ ChaosGay,–¢–µ—Ä—Ä–∏—Ç–æ—Ä–∏—è —Å —Ñ–µ—Ä–º–∞–º–∏ –∏–≥—Ä–æ–∫–∞ ChaosGay,ChaosGay,120,-8215,400,6,-1027,19.05.2023,-
275,–ú–æ—Ö—Ç–∞—É–Ω,–¢–µ—Ä—Ä–∏—Ç–æ—Ä–∏—è Arti556 –∏ –µ–≥–æ –¥—Ä—É–∑–µ–π!,Arti556,-2673,13321,500,1679,-338,19.05.2023,-
276,–ë–∞–∑–∞ –∏–≥—Ä–æ–∫–∞ Fr3d7_,-,Fr3d7_,-23384,-13000,1500,-2922,-1624,20.05.2023,-
277,–¢–µ—Ä—Ä–∏—Ç–æ—Ä–∏—è Ulyban'a,"–óe–ª—ë–Ω–∞—è –ø–æ–ª—è–Ω–∞ —Å 
—Ö–æ–ª–º–æ–º",Ulyban,264,22670,384,33,2833,20.05.2023,-
278,–ë–∞–∑–∞ –±—É—Ä–∏–ª—å—â–∏–∫–∞,–ë–∞–∑–∞ –∞–Ω–∞–ª—å–Ω–æ–≥–æ –±—É—Ä–∞–≤—á–∏–∫–∞,AnalniyBuravchik,22100,-2200,1700,2762,-275,21.05.2023,-
279,–ë–∞–∑–∞ –∫–ª–µ–ø—ã,cool,Stolox66,-22088,5064,1000,-2761,633,21.05.2023,-
280,Sung–í–∏–Ω–µ—è,—á–µ—Ç–∫–∞—è –±–∞–∑–∞ –∫—Ä—É—Ç–æ–≥–æ –∏–≥—Ä–æ–∫–∞,SungTher,893,-9080,200,113,-1135,22.05.2023,-
281,_KripYt_,–ø—Ä–æ—Å—Ç–æ –±–∞–∑–∞ _KripYt_,5opka,-17000,1400,500,-2102,183,23.05.2023,-
282,–ù–∏—Å—Ç–æ—Ä–ª–µ–Ω–¥,"–ù–æ–≤—ã–π –≥–æ—Ä–æ–¥, —Å —É–Ω–∏–∫–∞–ª—å–Ω–æ–π —Å—Ç–∏–ª–∏—Å—Ç–µ–∫–æ–π", Parado4x,9111,-9704,2000,1142,-1206,23.05.2023,-
283,–¢–µ—Ä—Ä–∞—Ä–∏—Å—ÇTerraria,–ë–∞–∑–∞ –ª—é–±–∏—Ç–µ–ª—è —Ç–µ—Ä—Ä–∞—Ä–∏–∏ —É –º–µ–Ω—è –≤ —ç—Ç–æ–π –∏–≥—Ä–µ 15 –º–∏–Ω—É—Ç –æ—á–µ–Ω—å –ª—é–±–ª—é –µ—ë –∏–≥—Ä–∞ —Ç–æ–ø,Void_sky_  ,-4630,-18897,700,-569,-2358,26.05.2023,
284,–®–æ–∫–æ–ª–∞–¥–Ω—ã–π –û—Å—Ç—Ä–æ–≤,"–û—Å—Ç—Ä–æ–≤-—á–∞—Å—Ç–Ω–∞—è —Ç–µ—Ä–∞ Nutalen""–∞ ",Nutalen,-1200,-17890,2000,-120,-2236,26.05.2023,
285,–ú–µ–≥–∞ –±–∞–∑–∞,–ñ—ë—Å—Ç–∫–∞—è –±–∞–∑–∞ –∏–≥—Ä–æ–∫–∞ MrPlatoch_,MrPlatoch_,2728,-21723,500,348,-2715,26.05.2023,
286,–±–∞–∑–∞ –¥–∞ –¥–∞,-,Barsik00_,14210,-6650,500,1782,-843,27.05.2023,-
287,"–§–µ—Ä–º—ã _waw""–∞",–§–µ—Ä–º—ã –∏ —Ç–µ—Ä—Ä–∏—Ç–æ—Ä–∏—è –∏–≥—Ä–æ–∫–∞ _waw,_waw,-22500,20500,1000,-2812,2562,28.05.2023,-
288,–≥–∞–≤–∞–∏—Å–∫–∏–µ –∞—Å—Ç—Ä–∞–≤–∞,–ø–∏—Å–∞—Ç—å —è –ª—é–±–ª—é,oTcocy_3A_500AP,-16100,-22289,2000,-2012,-2786,28.05.2023,-
289,–¢–µ—Ä—Ä–∞ Sauri_ –∏ wa1ne,-,Sauri_,13177,-3633,500,1645,-464,28.05.2023,-
290,–±–∞–∑–∞ –ª–µ–≤—à–∏,–±–∞–∑–∞ –ª–µ–≤—à–∏x2,1_CblPOK,2200,-14000,1000,250,-1750,31.05.2023,
292,"–¢–µ—Ä—Ä–∏—Ç–æ—Ä–∏—è –∏–≥—Ä–æ–∫–∞
FOXDRE1",-,FOXDRE1,-8627,7814,100,-1078,976,01.06.2023,-
293,–ë–∞–∑–∞ —Å–∏—Å—å–∫–∏,"–ø—Ä–æ—Å—Ç–æ –º–æ—è
–±–∞–∑–∞",SharpestFrey,12000,731,500,1500,89,03.06.2023,-
294,HellaTeam,–¢–µ—Ä—Ä–∏—Ç–æ—Ä–∏—è –¥–ª—è –ø–æ—Å—Ç—Ä–æ–µ–∫ –∞—Ä—Ç–æ–≤,HellaTeam,-4256,21342,256,-542,2667,03.06.2023,-
295,–¢–µ—Ä–∏—Ç–æ—Ä—Ä–∏—è krllgml,–•–æ–ª—Å—Ç –¥–ª—è,krllgml,21248,1153,100,2654,158,05.06.2023,-
296,–±–∞za —Ç–æ—Ä–≥–æ–≤–æ–≥–æ —Å–∏–Ω–¥–∏–∫–∞—Ç–∞,—Ç–µ—Ä–∞ —Å –¥–µ—Ä–µ–≤–Ω–µ–π –∏ –Ω–∞—à–∏–º–∏ —Ñ–µ—Ä–º–∞–º–∏,"M0nkling, pasta_solutions",-14556,-5627,2000,-1819,-703,10.06.2023,-
297,–ö—Ä–∏—Å—Ç–∞–ª–∏–∫—Å –°–∏—Ç–∏,–ì–æ—Ä–æ–¥ –±–∞–ª–±–µ—Å–æ–≤,"Truban, MimoKonserva",-3957,3112,500,-493,392,11.06.2023,-
298,–¢–ï–†–†–ê,–±–∞–∑–∞,,-5951,-8903,1000,-737,-1100,13.06.2023,-
299,*** –°–ò–¢–ò,–ì–û–†–û–î –†–£–ò–ù,"mayonezik
Shlapnik",-14400,12500,2000,-1795,1563,13.06.2023,-
300,"–±–∞–∑–∞ –≤–ª–∞–¥–∏
–º–∏—Ä–∞ —Å–∫—Ä–ª–ø–∏–∫–∏",–Ω—É —Ç–∏–ø–æ –±–∞–∑–∞ –Ω—É –¥–∞ –æ–∫ –∫—Ä—É—Ç–æ –Ω—É –Ω–æ—Ä–º–∞–ª—å–Ω–∞,VladimirSkripka,24985,-2906,500,3112,-362,15.06.2023,-
301,qqBase,Kuruma base,Kurumaqq,-15685,4310,1000,-1960,538,17.06.2023,-
302,mge /add 2,-,FrontFEED,-16333,-8078,700,-2040,-1010,18.06.2023,-
303,Mayskiy's Base,—Å–∞–º–∞—è –ª—é—Ç–∞—è –≤ –º–∏—Ä–µ –±–∞–∑–∞,YourMayskiy,-3650,6632,64,-463,816,18.06.2023,-
304,–ê—Ä—Ä–∏—è,"–Ω–µ–±–æ–ª—å—à–∞—è —É—é—Ç–Ω–∞—è –¥–µ—Ä–µ–≤—É—à–∫–∞, —Ä–∞—Å–ø–æ–ª–æ–∂–µ–Ω–Ω–∞—è –º–µ–∂ –≥–æ—Ä",SharpestFrey,8092,-2100,400,1014,-262,21.06.2023,-
305,–ü–∞–Ω–¥–µ–º–æ–Ω,–°—Ç–æ–ª–∏—Ü–∞ –ü–∞–Ω–¥-—Ä–∞—Ç–æ–Ω—Å–∫–æ–π –∏–º–ø–µ—Ä–∏–∏,Batrich,-2488,14886,500,-298,1860,21.06.2023,-
306,–¢–µ—Ä—Ä–∏—Ç–æ—Ä–∏—è MaxPlayYT_7406,"–ó–∞–∫—Ä—ã—Ç–∞—è —á–∞—Å—Ç–Ω–∞—è —Ç–µ—Ä—Ä–∏—Ç–æ—Ä–∏—è. –ï—ë –Ω–µ –Ω—É–∂–Ω–æ –∑–∞–Ω–æ—Å–∏—Ç—å –Ω–∞ –∫–∞—Ä—Ç—É –°–ü. –¢–µ—Ä—Ä–∏—Ç–æ—Ä–∏—è –Ω–∞—Ö–æ–¥–∏—Ç—Å—è –≤ –≥–æ—Ä–æ–¥–µ –®–∞—Ç—Ç–ª ""–ê—É—Ä–∞"".","MaxPlayYT_7406, AmerigoBattista, chochuspat",3191,7721,15,370,888,20.06.2023,-
307,Â§©Â∞áÂõ†ÁΩ™‰∫∫ÁöÑË°ÄËÄå‰∏ãÈõ®ÔºåÊ≤íÊúâ‰∫∫ËÉΩÂæóÊïë Xiaomi shop sale 30% Pro ultra boost v2x devirili club penguin  classics VIP all to  1000hp dog foot,https://youtu.be/dQw4w9WgXcQ,LiebILY,-4317,-17690,2000,-580,-2218,22.06.2023,-
308,"–±–∞–∑–∞ –∫–∞–º–µ—Ä–∞–º–µ–Ω–æ–≤, —Å—Ä–∞–∂–∞—é—â–∏—Ö—Å—è –ø—Ä–æ—Ç–∏–≤ —Å–∫–∏–±–∏–¥–∏—Ç—É–∞–ª–µ—Ç–æ–≤ ",—Å–∫–∏–±–∏–¥–∏ —Ç—É–∞–ª–µ—Ç–∏ –ª–æ—Ö–∏ + —Å–æ—Å—É–Ω–∏!!! üî•,mp24class,-7316,-18292,1500,-925,-2298,22.06.2023,-
309,–ë–∞–∑–∞,-,Viktorovich_,1888,-14751,900,255,-1827,22.06.2023,-
310, –õ–æ–≥–æ–≤–æ –ê—Ñ–µ—Ä–∏—Å—Ç–æ–≤,–ü–æ—Å–ª–µ–¥–Ω–∏–π –ö—Ç–æ –û—Ç–ø—É—Å—Ç–∏—Ç –†—É–∫—É –° –õ–æ–¥–∫–∏ –ü–æ–ª—É—á–∏—Ç 1000 –ê–†–æ–≤!,cuteshamilik,-12959,-6381,500,-1632,-800,23.06.2023,-
311,–ë–∞–∑–∞ Mal0nee, –ë–∞–∑–∞ Mal0nee –¥–ª—è —Å–æ–∑–¥–∞–Ω–∏—è –∞—Ä—Ç–æ–≤ –∏ –µ—Å–ª–∏ —á–æ —á—Ç–æ–± —Å–≤–∞–ª–∏—Ç—å —Å –º—É–ª—å—Ç–∏–∫–æ—Ä–∞ –±—ã–ª–æ –∫—É–¥–∞,Mal0nee,5080,24100,400,640,3000,23.06.2023,-
312,–ê–º–æ–≥—É—Å–¢–∞—É–Ω,–•–∞–π–ø –µ–ø—Ç,GOROD_YRODOV,-17100,6100,500,-2100,760,23.06.2023,-
313,—Ç–µ—Ä—Ä–∞ –ª–µ–≤—à–∏,—Ç–µ—Ä—Ä–∞,SharpestFrey,2500,-11800,500,312,-1475,23.06.2023,-
314,—Ç–µ—Ä—Ä—Ä–∞ –º–∞—Ä–∞,–º–∞–ª–µ–Ω—å–∫–∞—è –±–∞–∑–∞ –ø–æ–¥ –∑–µ–º–ª—ë–π [–ª–µ–ª—É—à –Ω–µ —Å–Ω–æ—Å–∏],mar3123,-5214,4547,10,-651,568,23.06.2023,-
315,–í–û–§,–í–û–ï–ù–ù–´–ô –û–ö–†–£–ì –§–£–†–†–ò,"NIKSEMBRO, delmanek, nuclear_01",5748,-13550,300,723,-1686,24.06.2023,-
316,–Ø–º–∞ SJBODY,–ë–∞–∑–∞ SJBODY —Å–ø–∞—Ä—Ç–∞–∫ sus 1337 –ø–∞—Ü–∞–Ω—ã —Ñ—É—Ä–∏ –∫–∞–ª,ssigor32,4205,18778,2000,523,2347,24.06.2023,-
317,–ê—Ä–∏—è,—Å—Ç–∏–º–ø–∞–Ω–∫ –±–∞–∑–∞,SharpestFrey,-2164,1633,150,-281,1633,25.06.2023,-
318,–ë–∏–±–∫–∏,-,alekseev1ch,-2000,2000,700,-250,250,26.06.2023,-
319,–ñ–∞–±—ã—Ç—ã–µ –∑–µ–º–ª–∏,–ñ–∞–±—å–∏ –∑–µ–º–ª–∏. –î–∞.,razdorozhnaia,23000,14500,2000,2875,1815,26.06.2023,-
320,–ë–∞–∑–∞ dedOk21,–ë–∞–∑–∞ –∫—Ä—É—Ç–æ–≥–æ –ø–µ—Ä—Ü–∞,dedOk21,10676,70,200,1339,767,26.06.2023,-
321,–ö—Ä—É—Ç–∞—è –±–∞–∑–∞,-,KrePown,-115,21171,300,-15,2654,26.06.2023,-
322,—á—ë–∫–æ–ø–∞–π,–ë–∞–∑–∞ —Å –∞—Ä—Ç–∞–º–ø–∏,gavnostar32,-13500,-13500,2000,-1680,-1680,28.06.2023,-
323,–ß–∞—Å—Ç–Ω–∞—è —Ç–µ—Ä—Ä–∏—Ç–æ—Ä–∏—è –∏–≥—Ä–æ–∫–∞,-,kotik_moy_ZH2000,-15783,17868,300,-1980,2231,29.06.2023,-
324,—Ç–µ—Ä–∞ KOMIX_MT,-,KOMIX_MT,-16772,-560,250,-2090,-60,29.06.2023,-
325,—Ç–µ—Ä—Ä–∏—Ç–æ—Ä–∏—è A,–ó–∞—Å–µ–∫—Ä–µ—á–µ–Ω–Ω—ã–µ —Å—Ç—Ä–æ–∏—Ç–µ–ª—å–Ω—ã–µ —Ä–∞–±–æ—Ç—ã,gopatik,-24750,14746,400,-3093,1843,30.06.2023,-
326,–ê—Ä–º–∞–≤–∏—Ä,–î—ã—Ä–∫–∞ –ß–∞—Ä–∞–º–±–∞–±–µ—Ä–∞,SeniorCardenas,-14529,2083,650,-1811,296,30.06.2023,-
327,–û—Å—å –ó–µ–º–ª–∏,–≤–æ—Å—Å–æ–∑–¥–∞–Ω–∏–µ –∏ –º–æ–¥–µ—Ä–Ω–∏–∑–∞—Ü–∏—è –¥–æ–ª–∏–Ω—ã –ø—à–µ–Ω–∏—Ü—ã,aki_sato,-270,-20500,1000,0,-2555,30.06.2023,-
328,–±—É–º –±—É—á–µ—Å,—Ç–µ—Ä–∞ —Ö—É–∏–ª—ã,_PanDa4ka_,-15650,5770,1500,-1950,731,04.07.2023,-
329,–ó–∏–º–±–∞–±–≤–µ,-,_Fiasco_2016,244,23013,500,14,2888,05.07.2023,-
330,–õ–∏—á–Ω–∞—è –±–∞–∑–∞ bekoz_259,-,bekoz_259,-6350,18550,500,-862,2350,05.07.2023,-
331,AF4,-,_AntiLag,8360,15060,500,1045,1882,05.07.2023,-
332,–•–æ—Ä–≤—É—Ç,–ë–∞–∑–∞ –¥–ª—è –ø—Ä–æ–∂–∏–≤–∞–Ω–∏—è,Avel__,16217,21595,2000,2027,2700,06.07.2023,-
333,ArtsbyEroB,–¢–µ—Ä—Ä–∏—Ç–æ—Ä–∏—è –¥–ª—è –ø–æ—Å—Ç—Ä–æ–π–∫–∏ –∞—Ä—Ç–æ–≤ EroB_,EroB_,5700,20500,2000,860,2763,08.07.2023,-
334,Underground,—Ç–µ—Ä—Ä–∏—Ç–æ—Ä–∏—è –∏–≥—Ä–æ–∫–∞ juzti,juzti,-4100,-1375,350,-513,-166,08.07.2023,-
335,–ü—Ä–æ—Å—Ç–æ –±–∞–∑–∞,–±–∞–∑–∞ –∏–≥—Ä–æ–∫–∞ Filat0ov,Filat0ov,‚àí24832,‚àí1568,400,-3104,-196,09.07.2023,-
336,–õ—É–∫–æ—Ä–∏—Å,-,MisterDef,-7400,5300,500,-922,666,09.07.2023,
337,–Ø–º–∞ –¢–æ–ø—ã,–Ø–º–∞ —Å –º–µ—Ö–∞–º–∏ –∏ —Ñ–µ—Ä–º–∞–º–∏ 16—Ö16,_TopoTop_,-16704,-18544,1000,-2088,-2318,22.10.2022,https://vk.com/gepe5?w=wall-131054616_87936%2Fall
338,–†–æ–º–∞—à–∫–∞–≤–∞—è –¥–æ–ª–∏–Ω–∞,-,Zhiska,3700,-20200,400,480,-2540,13.07.2023,-
339,Wac Baze,–π–æ—É,wacqxxxx,151,14665,200,30,1838,13.07.2023,-
340,–ë–æ–±—Ä–æ—Å–∏—Ç–∏,-,RomaPe4kay,-16200,814,2000,-2026,98,13.07.2023,-
341,–û–≤–µ–Ω–ì—Ä–∞–¥,-,Rudolfick,-21000,-15000,2000,-2640,-1880,14.07.2023,-
342,–ë–∞–∑–∞ Nutalen`–∞,-,Nutalen,11512,4759,200,1434,587,14.07.2023,-
343,–Ø–º–∞ –ª–æ—Å–æ—Å–∏–∫–∞,-,nya_pokaa,7819,-7876,700,965,-990,15.07.2023,-
344,–¢—Ä–∞—Ö–æ–¥–¥—Ä–æ–º,–°–∞–º–∞—è –±–∞–∑–∏—Ä–æ–≤–∞–Ω–Ω–∞—è –±–∞–∑–∞ –Ω–∞ –≤—Å–µ–º —Å–ø,Finnhiza,-7500,-15300,700,-8,-1919,15.07.2023,-
345,–î–µ—Ä–µ–≤—É—à–∫–∞ BrinyPiny,-,BrinyPiny,24355,-14805,1000,3044,-1851,15.07.2023,-
346,–ì—Ä–∏–±–Ω–æ–π –æ—Ç—Å—Ä–æ–≤ –ø–æ–¥ –±–∞–∑—É,"–≥—Ä–∏–±–Ω–æ–π –æ—Å—Ç—Ä–æ–≤ –±–æ–ª—å—à–∞—è —Ç–µ—Ä—Ä–∞
",xgrom4iqzz,24431,23881,800,3054,2984,16.07.2023,-
347,nutalena –±–∞–∑–∞,-,Nutalen,11864,4862,300,1495,607,17.07.2023,-
348,Glimzeland,–ö—Ä—É—Ç–æ–π –≤–æ–æ–±—â–µ –ª—é—Ç—ã–π,Gllimze,-406,-7278,75,50,-909,17.07.2023,-
349,MeGaBaZa,–ö—Ä—É—Ç–æ–µ –º–µ—Å—Ç–µ—á–∫–æ,GOOOTY,1500,-15000,800,187,-1875,17.07.2023,-
350,—è–º–∞ –ª—é—Ü–∏–∫–∞,–∞—Ä—Ç—ã —Å—Ç—Ä–æ–∏—Ç—å,"ra6n, Luc1fer1sk",-22418,430,100,-2798,42,18.07.2023,-
351, Fake Waves,"–°–∞–º–∞—è –∫—Ä—É—Ç–∞—è –∑–∞–≥–æ—Ä–æ–¥–Ω–∞—è –≤–∏–ª–ª–∞ –Ω–∞ –±–µ—Ä–µ–≥—É –º–æ—Ä—è, –∫–∞–∫ —É –¢–æ–Ω–∏ –°—Ç–∞—Ä–∫–∞!",,-8950,6830,300,-1121,850,18.07.2023,-
352,–ü—Ä—É–¥ –ª—è–≥—É—à–µ–∫,–ë–∞–∑–∞ –¥–ª—è –∫–æ–º–ø–∞–Ω–∏–∏ –¥—Ä—É–∑–µ–π(3 —á–µ–ª–∞),Zikki32,-9462,1424,400,-1182,177,18.07.2023,-
353,–ì–ª—É–±–æ–∫–æ–≤–æ–¥–Ω–∞—è –ª—è–≥—É—à–∫–∞,–ú–µ—Å—Ç–æ –¥–ª—è —Å—Ç—Ä–æ–∏—Ç–µ–ª—å—Å—Ç–≤–∞ –∞—Ä—Ç–∞,Zikki32,-9922,1091,300,-1225,147,18.07.2023,-
354,–ú–µ–∑–∞,–ú–µ–∑–∞ –ø–æ–¥ –≤—ã–∫–∞–ø—ã–≤–∞–Ω–∏–µ —Ä–µ—Å—É—Ä—Å–æ–≤,Meazeris,9893,-22409,800,1234,-2798,18.07.2023,
355,–ó–æ–Ω–∞ —Å–µ–∫—Å–∞,–ñ–µ—Å—Ç–∫–∞—è —Ç–µ—Ä—Ä–∞ —á—Ç–æ–±—ã –Ω—É –∞—Ä—Ç—ã —Å—Ç—Ä–æ–∏—Ç—å —Ç–∞–º,cobolt_YT,-22594,323,800,-2822,45,19.07.2023,-
356,–ë–∞–∑–∞ —Å–∏–º–∞ –∏ –¥—Ä—É–∑–µ–π,–ù—É –±–∞–∑–∞ –¥–ª—è –º–µ–Ω—è  –∏ –¥—Ä—É–∑–µ–π,simyura_bot,-22000,-10000,1000,-2750,-1250,20.07.2023,
357, –ë–∞–∑–∞ MrKezza,–ö—Ä—É—Ç–∞—è –±–∞–∑–∞ –∏–≥—Ä–æ–∫–∞ MrKezza –∏ –µ–≥–æ –¥—Ä—É–∑–µ–π!,MrKezz,11333,19595,2000,1408,2441,20.07.2023,-
359,–®–∫–æ–ª–∞ ‚Ññ7,–®–∫–æ–ª–∞ –¥–ª—è –†–ü,Fodnex,6080,0,250,760,0,24.07.2023,-
360,La Caleta,"–ì–æ—Ä–æ–¥ –≤ —Å—Ç–∏–ª–µ Tenerife 
",TheOmletic,-4500,-14500,500,-562,-1812,25.07.2023,-
361,—è–º–∞ –≤–µ–ª—å–ø—É–ª–∞,—á–∏—Å—Ç–æ –±–∞–∑–∞ –¥–ª—è —Å–µ–±—è,"Weltlo, nya_poka",-24480,-23000,1500,-3060,-2875,25.07.2023,-
362,–ö–ª–∞–± –ª—é—Ç—ã—Ö —Å—Ç—Ä–æ–∏—Ç–µ–ª–µ–π,"5-6 —á–µ–ª–æ–≤–µ–∫ –∏ 7-8 –±–∞–Ω–æ–∫ –ø–∏–≤–∞. –ú–∏–Ω–∏ –∏–≥—Ä—ã, –≤–µ—â–∏ –±–æ–≥–∞ —Å–∫–∞–π –ø–≤–ø, —Å–≤–∞–¥—å–±—ã –∏ —Å–µ–∫—Å",sergo9r_pro,-2691,22782,500,-336,2847,26.07.2023,
363,–®–∫–æ–ª–∞ ‚Ññ7,–†–ü –∑–æ–Ω–∞ –∏–≥—Ä–æ–∫–∞ Fodnex,Fodnex,-17617,-171,250,-2191,31,26.07.2023,
364,–ê–ª—å—Ñ–∞-D551,–ü–ª–æ—â–∞–ª–± –¥–ª—è —Ä–∏—Å–æ–≤–∫–∏ –∞—Ä—Ç–æ–≤ –∏ –º–∏–Ω–∏ –±–∞–∑—ã,NiknRock,24566,-23,180,3083,-7,28.07.2023,-
365,–ó–∞–ø–æ–≤–µ–¥–Ω–∏–∫ –¥–∏–∫–æ–π –ø—Ä–∏—Ä–æ–¥—ã,-,Paveloyd,-24388,-1225,1500,-3047,-154,29.07.2023,-
366,–ü–æ–ª–µ –ø–æ–Ω–∏–∂–µ–Ω–æ–π –≥—Ä–∞–≤–∏—Ç–∞—Ü–∏,-,The_Milkyway_,-5500,185,800,-887,20,29.07.2023,-
367,–ë–°–†,–ª–∏—á–Ω–∞—è –±–∞–∑–∞ –¥–ª—è –≥–µ–π –æ—Ä–≥–∏–π –±—É—Ä–≥–µ—Ä–Ω–æ–µ —Å–≤—è—â–µ–Ω–Ω–æ–µ —Ä–µ–≥–µ–Ω—Å—Ç–≤–æ,sun_night_,-7971,-6977,150,-1013,-853,30.07.2023,-
368,–ë–∞–∑–∞ Wer_ax,"–ü—Ä–æ—Å—Ç–æ –±–∞–∑–∞, –Ω–µ –±–æ–ª–µ–µ",Wer_ax,-18000,15967,500,-2245,1996,02.08.2023,-
369,–ß–∞—Å—Ç–Ω–∞—è —Ç–µ—Ä—Ä–∏—Ç–æ—Ä–∏—è Levonidor,–ß–∞—Å—Ç–Ω–∞—è —Ç–µ—Ä—Ä–∏—Ç–æ—Ä–∏—è –∏–≥—Ä–æ–∫–∞ Levonidor.,Levonidor,6440,-16280,2000,805,-2035,02.05.2023,-
370,–ë–∞–∑–∞ –ú—É—Ä–∫–∏–∑–∞,–ù—É —Ç—É–ø–æ –±–∞–∑–∞ –∏–≥—Ä–æ–∫–∞,SirMurkies,-3143,-15584,125,-411,-1932,02.08.2023,-
371,"–ë–∞–∑–∞ 
_kema_",–ë–∞–∑–∞,_kema_,8709,-3472,250,1097,-442,06.08.2023,-
372,–°—Ç–∞—Ä–ì—Ä–∞–¥,–ë–∞–∑–∞ –¥–ª—è —Ä–µ—Å—É—Ä—Å–æ–≤/–•–æ–ª—Å—Ç –¥–ª—è –∞—Ä—Ç–æ–≤,"StarkDoge,
RusterSX",-580,-19344,150,-71,-2420,06.08.2023,-
373,–ë–∞–Ω–∞–Ω–æ–≤—ã–π —Ä–∞–π,–ë–∞–∑–∞ –∏–≥—Ä–æ–∫–∞,Arm1k_minon,9841,15275,500,1230,1888,07.08.2023,-
374,–î–∞–ª—å–Ω–∏–π,–í–æ—Å—Ç–æ–∫,_Datreydm_,-13900,-5900,750,-1737,737,07.08.2023,-
375,–î—Ä–µ–π–Ω–≥–æ—Ä–æ–¥,-,cantseeyou,-15777,6000,450,-1978,747,07.08.2023,-
376,CbIH_MIYAGI –∏ 1nsept_,-,"CbIH_MIYAGI, 1nsept_",-11500,13800,500,-1420,-1690,08.08.2023,-
377,–ü—É—Å—Ç–æ–≥—Ä–∞–¥,–î–µ—Ä–µ–≤–Ω—è –Ω–µ–∏–∑–≤–µ—Å—Ç–Ω–æ–≥–æ –ø—Ä–æ–∏–∑—Ö–æ–∂–¥–µ–Ω–∏—è,Denatle,7480,-24967,650,935,-3120,09.08.2023,-
378,Misanthrope,–ì–æ—Ä–Ω–∞—è –º–µ—Å—Ç–Ω–æ—Å—Ç—å —Å –≤—ã—Ö–æ–¥–æ–º –≤ –æ–∫–µ–∞–Ω,Mr_Mlke_6,-918,-24122,70,-127,-3004,10.08.2023,-
379,–ë–∞–∑–∞ _DEMIRAN_,-,_DEMIRAN_,6257,-5023,357,800,-620,11.08.2023,-
380,popa,popa,Milki25,-6774,7491,250,-853,937,14.08.2023,-
381,–õ–∞–±–∞ —á–∞—Ä —Å—Ç–æ–ª–∞,–°—Ç–æ–ª –∏ –∫–Ω–∏–∂–Ω—ã–µ –ø–æ–ª–∫–∏ —Å—Ç—Ä–∞–¥–∞—é—Ç —Ñ–∏–≥–Ω–µ–π,Danik4ek,0,10161,50,0,1271,15.08.2023,-
382,–°–ö–ü,-,porosy338,17493,17458,2000,2187,2182,16.08.2023,-
383,—Ç–µ—Ä—Ä–∏—Ç–æ—Ä–∏—è Fizalis`a,"–¢–µ—Ä—Ä–∞ —á—Ç–æ–±
–∂–∏—Ç—å –∏ –Ω–µ —Ç—É–∂—Ç—å",Fizalis,358,-17599,2000,48,-2208,18.08.2023,-
384,Sugomas,–ë–∞–∑–∞,Sugomas,-4034,7823,500,-506,979,19.08.2023,-
385,PoisonLand ,-,Poison22cm,13843,434,500,1730,57,20.08.2023,-
386,–ë–∞–∑–∞ al1sher'a,–º–µ—Å—Ç–æ –º–µ—á—Ç—ã,al1sher ,2890,-6280,110,361,785,21.08.2023,
387,–ë–∞–∑–∞ –∏–≥—Ä–æ–∫–æ–≤ JustTarum –∏ LUPAStic,–ë–∞–∑–∞,"JustTarum
LUPAStic",-3200,-10600,640,-400,-1325,21.08.2023,-
388,–í—ç–º–ø–∞–∏—Ä —è–º–∞,–±–∞–∑–∞,0bmorok,7746,24822,200,977,-3117,21.08.2023,-
389,—à–∞—Ö—Ç–µ—Ä,–º–∏–Ω–∏ –±–∞–∑–∞ –Ω–∞ –æ—Å—Ç—Ä–æ–≤–µ –¥–ª—è —Ñ–µ—Ä–º –∏ –∂–∏—Ç—å—è,_Marsik_,3107,-8989,500,398,-1125,21.08.2023,-
390,–¢–µ—Ä—Ä–∏—Ç–æ—Ä–∏—è SeryogaZOMbi,–°–æ—é–∑ –¢–°–ö–ü,SeryogaZOMbi,-12500,-14000,1000,-1680,-1680,21.08.2023,-
391,Skorvod Land,–õ–∏—á–Ω–∞—è –±–∞–∑–∞/–¥–∞—á–∞ –∏–≥—Ä–æ–∫–∞ Skorvod,Skorvod,-2293,5118,60,-284,629,21.08.2023,-
392,–ë–ê–ó–ê –°–ò–ì–ú,<3 <3 <3,LifeSashechka29,-8950,6830,1300,-1121,850,21.08.2023,-
393,–°—É–ø–µ—Ä –º–µ–≥–∞ —Ñ—É–Ω–∫—Ü–∏–æ–Ω–∞–ª—å–Ω–∞—è –±–∞–∑–∞ Defaunter_,–Ω–µ –æ—Å—Ç—Ä–æ–≤,Defaunter_,-1461,8927,100,-182,1115,22.08.2023,-
394,–ú–µ—Å–∞–æ—Ç–¢—Ä–∞—Ä–¥–∞,–ü–æ–ª–æ—Ç–Ω–∞ –∏ –º–µ—Å–∞ –¥–ª—è –¢—Ä–∞—Ä–¥–∞,Gatvor,25038,21287,2000,3129,2660,23.08.2023,-
395,–ò–≥—Ä–∏—Å—Ç–∞—è –º–µ–∑–∞,"–ú–µ–∑–∞ –Ω–∞ 
–≤–µ—Ä—à–∏–Ω–µ –∫—Ä—É—Ç—ã—Ö 
—Å–∫–ª–æ–Ω–∞—Ö —Ç—Ä–µ—É–≥–æ–ª—å-
–Ω–æ–≥–æ –æ—Å—Ç—Ä–æ–≤–∞
",Fititunati,-9854,-25621,500,-1231,-3202,23.08.2023,
396,–º–µ–∑–∑–∞,–ø—Ä–æ—Å—Ç–æ –¥–ª—è —Ä–µ—Å–æ–≤,wandering_yelow,-10230,-25332,1000,"-1¬†278,75","-3166,5",23.08.2023,
397,"–ü–æ–º–µ—Å—Ç—å–µ
–¢—É—Ç–∏–ù—É—Ç–∏","–î–∞—á–∞ –∏–≥—Ä–æ–∫–∞ –§–∏—Ç–∏—Ç—É–Ω–∞—Ç–∏, —Å –ø—Ä–∏–ª—É–≥–∞—é—â–µ–π –º–µ–∑–æ–π –∏
–¥–∂—É–Ω–≥–ª—è–º–∏",Fititunati,-11000,-25900,1500,-1375,-3237,23.08.2023,
398,–ë—É—Ä–≥–µ—Ä–Ω–æ–µ –°–≤—è—â–µ–Ω–Ω–æ–µ –†–µ–≥–µ–Ω—Å—Ç–≤–æ –ü–µ—Ä–µ—Ä–æ–∂–¥–µ–Ω–∏–µ ,–ñ–µ—Å—Ç–∫–∞—è –±–∞–∑–∞,sun_night_,-26600,-18750,1500,-3320,-2350,24.08.2023,
399, Mont croissant,–∂—ë—Å—Ç–∫–∞—è –≥–æ—Ä–∞ –≤ –≤–∏–¥–µ croissan,_Larens_ ,-25767,9718,700,-3220,1214,24.08.2023,
400,–ö—É—Ö–Ω—è,"–±–∞–∑–∞ –∏–≥—Ä–æ–∫–æ–≤ Kujosi,
Nehimin","Kujosi,
Nehimin",-17918,-15689,1000x100,-2239.75,-1961.125,24.08.2023,-
401,–ë–µ–π–∑,–ë–µ–π–∑,kyuko_,26707,-22581,1000,3338,-2822,24.08.2023,-
402,–£–≥–∞ –ë—É–≥–∞,–ë–∞–∑–∞,Shkolnik123,131,26451,1500,26,3304,24.08.2023,-
403," SandKing's
Territory",-,Kujosi,-26888,10348,2000,-3361,1923,25.08.2023,
404,–ë–∞–∑–∞, –¢–µ—Ä—Ä–∞ swetikkyt,swetikkyt,25083,-21547,550,3114,-2686,25.08.2023,
405,–ì–æ—Ä–∞ –ö–∞—Ä–∞–º–µ–ª—å–∫–∏,"–ö—Ä–∞—Å–∏–≤—ã–π —Ö–æ–ª–º–∏–∫, —Å —Ä–∞—Ç—Å—É—â–µ–π —Å–∞–∫—É—Ä–æ–π. –†—è–¥–æ–º —Å –Ω–∏–º
—Ä–∞—Å–ø–æ–ª–æ–≥–∞–µ—Ç—Å—è –∞–≤–∞–Ω–ø–æ—Å—Ç —Ä–∞–∑–±–æ–π–Ω–∏–∫–æ–≤.
",BrawlStars_,-25520,18260,333,3200,2280,,
406,–£—Å–∞–¥—å–±–∞ Alter5,"–ö—Ä—É–ø–Ω–æ–µ –≤–ª–∞–¥–µ–Ω–∏–µ —Ç–µ—Ä—Ä–∏—Ç–æ—Ä–∏–∏ —Å –±–æ–ª—å—à–æ–π —É—Å–∞–¥—å–±–æ–π, –∏
–≤—Å–µ–º–∏ –ø—Ä–∏–ª–æ–≥–∞—é—â–∏–º–∏-
-—Å—è —Å–æ–æ—Ä—É–∂–µ–Ω–∏—è–º–∏.",Alter5,27000,350,750,3375,45,25.08.2023,
407,–≥—Ä–∏–±–Ω–æ–π –æ—Å—Ç—Ä–æ–≤,–≥—Ä–∏–±–Ω–æ–π –æ—Å—Ç—Ä–æ–≤,feboy4ik,-27000,6399,200,-3375,799,25.08.2023,-
408,–ë–∞–∑–∞ K1ner,"–¢–µ—Ä—Ä–∏—Ä–æ—Ç–∏—è –ø–æ–¥ –±–∞–∑—É,
—Ñ–µ—Ä–º—ã.",K1ner,-3000,-18000,2000,-375,2250,25.08.2023,-
409,–í–µ–ª–∏–∫–∏–π–ö–∏—Ç–∞–π,"–ù–µ–±–æ–ª—å—à–æ–π
–æ—Å—Ç—Ä–æ–≤–æ–∫ —Å –±–∞–º–±—É–∫–æ–º 
–∏ –ø–∞–Ω–¥–æ–π –ø–æ–¥ –Ω–∏–º 
—à–∞—Ö—Ç–∞ –∏ –±–æ–ª—å—à–∞—è 
–ø–µ—â–µ—Ä–∞ —Å –º—Ö–æ–º",NuA4oTak,-25150,0,100,-3143,0,25.08.2023,-
410,–£—Ä—é–ø–∏–Ω—Å–∫,–í–∏—à–Ω—è—è—è—è –¥–µ—Ä–µ–≤—å—è—è—è,Jerasa,-3160,-25200,1500,-790,-6300,25.08.2023,-
411,–ö—Ä—ã–º,–ù–ê–® –ø–æ–ª—É–æ—Å—Ç—Ä–æ–≤,"CbIH_MIYAGI,
Verbluyzhonok",3200,-27000,1000,400,-3375,25.08.2023,-
412,–¢–µ—Ä—Ä–∏—Ç–æ—Ä–∏—è RAMZES141 & Plelei,–ß–æ —Ç—ã –±–ª—è,RAMZES141,2520,1008,500,313,113,26.08.2023,- 
413,–ê—Ä—Ç–ú–∞–Ω–∏—è ‚ú®,–ú–µ—Å—Ç–æ –¥–ª—è —Å–æ–∑–¥–∞–Ω–∏—è 3D –∞—Ä—Ç–æ–≤ –∏ –ø–æ–¥–æ–±–Ω–æ–≥–æ.,NotQR_,-28000,2600,2000,-3500,325,27.08.2023,-
414,–ø—Ä–∏—Ç–æ–Ω—á–∏–∫ —Ä–∏–Ω–æ—á–∫–∏ –º–µ—Ñ,—á–∏–ª–ª —Ñ–ª–µ–∫—Å –ª—é—Ç–∏ –¥—Ä–∏–ø—á–∏–∫,rina_mef,-23616,10836,500,-2796,501,28.08.2023,
415,XYZ,–±–∞–∑–∞,fliri_lime,-74,-20613,500,0.566,-2570,29.08.2023,
416,–ß–∞—Å—Ç–Ω—ã–π –ö–æ–º–ø–ª–µ–∫—Å –í–∞—Ä–¥–µ–Ω(–ß–ö–í),"–¢–µ—Ä—Ä–∏—Ç–æ—Ä–∏—è –¥–ª—è —Ö—Ä–∞–Ω–µ–Ω–∏—è –±–æ–ª—å—à–æ–≥–æ
–∫–æ–ª-–≤–∞ –í–∞—Ä–¥–µ–Ω–æ–≤",Mityakarpik,-13425,-28050,2000,-1678,-3506,29.08.2023,-
417,–≠—â–∫–µ—Ä–∏—è,,Endee4ka,3300,13200,2000,320,1480,31.08.2023,
418,–±–∞–∑–∞ sytosu,—Ç–∏–ø–∞ –±–∞–∑–∞,sytosu,3578,-15535,2000,446,-1944,01.09.2023,-
419,–ü–û–ù—á–∏–∫,–õ—é—Ç—ã–µ –ø–æ–Ω—á–∏–∫–∏ –¥–∞–±,_Guakamole_,-13025,-30177,2000,-1628,-3772,01.09.2023,-
420,–ö–æ–∂—É—Ä–∫–∞,–ë–∞–∑–∞ –æ—Ç–ø–µ—Ç—ã—Ö –º–∞–Ω–¥–∞—Ä–∏–Ω–æ–≤,_HolanDiversity_,-28588,-1087,2000,-3572,-135,02.09.2023,
421,–¢–µ—Ä—Ä–∏—Ç–æ—Ä–∏—è wa1ne,–±–∞–∑–∞ –ø—Ä–æ—Å—Ç–æ –±–∞–∑–∞,wa1ne,-2792,-377,200,-348,-47,04.09.2023,
422,–ë–∞–∑–∞ wa1ne,–ë–µ–∑ –æ–ø–∏—Å–∞–Ω–∏—è,wa1ne,-7054,6628,100,-878,833,04.09.2023,
423,–ë–∞–∑–∞ maxi_capybara,–ë–∞–∑–∞ –∏–≥—Ä–æ–∫–∞ maxi_capybara –Ω–∞ –¥–∞–ª–µ–∫–∏—Ö –∑–µ–º–ª—è—Ö,maxi_capybara,-28767,65,1000,-3600,-5,05.09.2023,
424,–¢–∏–ø—Å–¢–µ—Ä—Ä–∞,"–ù–µ–≤–µ—Ä–æ—è—Ç–Ω–æ–µ –º–µ—Å—Ç–æ –¥–ª—è —Ñ–∞—Ä–º–º–∞ –º–µ—à–∫–æ—Ñ—Ñ, –≥–æ—Ä—à–∫–æ—Ñ—Ñ, –∫–∏—à–∫–æ—Ñ—Ñ.",Tipsik420,-4048,-368,100,-500,-30,08.09.2023,
425,ArtNeSa,–¢–∏–ø–æ –±–∞–∑–∞,Salunee,9115,-10900,500,1125,-1350,09.09.2023,
426,PortalEnd,–ü–æ—Ä—Ç–∞–ª –≤ —ç–Ω–¥,neikysohigh,8708,-11948,50,1080,-1500,09.09.2023,
427,–í–æ–µ–Ω–Ω—ã–µ —Å–∫–ª–∞–¥—ã,–ë–∞–∑–∞,SirTulpa,-1600,9040,500,-205,1123,10.09.2023,
428,"mystical     
base", –±–∞–∑–∞ –∏–≥—Ä–æ–∫–∞ ,ZzzxlonWillt,-578,-21475,350,-70,-2668,10.09.2023,
429,—Å–∫–∏–±–∏–¥–∏ —Ç—É–∞–ª–µ—Ç –ø—Ä–æ—Ç–∏–≤ –∫–∞–º–µ—Ä–∞ –º–µ–Ω–∞ —Å–∏–≥–º–∞ 3,–ë–∞–∑–∞,RANEWALL,-31614,-12307,300,-3951,-1538,10.09.2023,
430,ArtMatiz,–ú–µ–∑–∞ –∫–∞–π—Ñ–æ–≤–∞—è,Salunee,-31700,5500,1500,-4000,-700,10.09.2023,
431,–ë–∞–∑–∞ –∏–≥—Ä–æ–∫–∞ Mazich,–ë–∞–∑–∞ –∏–≥—Ä–æ–∫–∞ Mazich,Mazich,-750,-10311,30,-93,-1288,10.09.2023,
432,–ë–∏–≥ –ë–µ–Ω,–ë–æ–ª—å—à–∞—è –±–∞–∑–∞ –¥–ª—è —Ñ–µ—Ä–º –∏ —Ä–µ—Å–æ–≤ (–∫—É–ø–ª–µ–Ω–∞) ,Defaunter_,-6646,-8286,200,-823,-1035,10.09.2023,-
433,–ú–æ–Ω—É–º–µ–Ω—Ç,"–ø–æ–¥–≤–æ–¥–Ω—ã–π 
–º–æ–Ω—É–º–µ–Ω—Ç —Ñ–µ—Ä–º–∞",chwai,-28414,-12751,200x200,-3556,-1594,11.09.2023,-
434,–±–æ–±—Ä–æ—Å–∏—Ç–∏2,-,cwhai,-16822,1463,800,-2101,182,12.09.2023,
435,–ì—Ä–∏–±–Ω–æ–π –±–∏–≥ —Ç–µ—Ä—Ä–∞,–ì—Ä–∏–±–Ω–æ–π –±–∏–æ–º –∏ —Å—ë —á–∏—Å—Ç–æ,MisterPyatorka,5240,36000,700,657,4500,13.09.2023,-
436, –±–∞–∑–∞ –Ω—è—à–∫–∏,–º–æ—è –¥–æ–±—Ä–∞—è —Ç–æ–ø–æ–≤–∞—è –±–∞–∑–∞ –≥–¥–µ –±—É–¥—É—Ç –æ—á–µ–Ω—å –Ω—è—à–Ω—ã–µ –ø–æ—Å—Ç—Ä–æ–π–∫–∏ –∑–∞–π–∫–∏ —Ö–æ—Ç–∞—Ä–∏, neftyanka,516,-14094,64,59,-1758,13.09.2023,-
437,–¢–µ—Ä–∞ –°–∞–ª–∞–º–∞–Ω–¥—Ä–∏,-,MrSalamandra,6801,-21235,2000,855,-2640,14.09.2023,-
438,"–õ–∏—á–Ω–∞—è
—Ç–µ—Ä–∞
 MaxPlayYT_7406",–¢—É–ø–æ –ª–∏—á–Ω–∞—è —Ç–µ—Ä–∞ –ø–æ–¥ —Ñ–µ—Ä–º—ã,MaxPlayYT_7406,-26688,-26813,600,-3333,-3360,14.09.2023,-
439,~~–ë–∞–∑–∞ ReDyth~~—É–¥–∞–ª–µ–Ω–∞,"–û—Å—Ç—Ä–æ–≤ –≤ –æ–∫–µ–∞–Ω–µ —Å –ø–æ–ª–æ—Ç–Ω–æ–º 
–¥–ª—è –∞—Ä—Ç–∞.",ReDyth,-23000,-6325,500,-2873,-790,17.09.2023,-
440,–ø–µ–Ω–∏—Å–Ω–∞—è–±–∞–∑–∞ —à–∞–π–ª—É—à–∞–π —ç,-,neikysohigh,8708,-11948,50,1080,-1500,17.09.2023,-
441,—ç–º —Ñ—Ç–æ,-,tuntsovaa,586,19110,1300,72,2,17.09.2023,-
442,–ë–∞–∑–∏—Å–Ω–∞—è –ë–∞–∑–∞,"—Ö–∞–π–ø, –¥–ª—è 
–º–µ–Ω—è –æ–¥–Ω–æ–≥–æ
",Filagen,-17120,6120,250,-2133,766,17.09.2023,-
443,–ë–∞–∑–∞ –ö–µ–Ω–µ—Å–∞,–í–ª–∞–¥–µ–Ω–∏—è –ö–∞–∑–∞—Ö—Å—Ç–∞–Ω–∞,BaRMaLeI_,1680,14553,600,217,1825,18.09.2023,
444,–ì—Ä–∏–±–Ω–∏–∫ –ó–º–µ—è,—á—É–¥–Ω—ã–π –æ—Å—Ç—Ä–æ–≤ –ó–º–µ—è,Kzmey_,-33900,-2950,500,-4206,-341,18.09.2023,-
446,Problemsisity,–∫—É–ª—å—Ç –ª–∏—á–Ω–æ—Å—Ç–∏,Problemsisit,-15639,-357,1000,-1949,-10,19.09.2023,-
447,"–ö–æ—Ä–∑–∏–Ω–∫–∞
–∞—Ä—Ç–æ–≤",–õ–∏—á–Ω–∞—è –±–∞–∑–∞,Fortit,1602,32329,500,200,4040,19.09.2023,-
448,–î–æ–ª–∏–Ω–∞ –õ–∞–Ω–¥—ã—à–µ–π,–ì—Ä–∏–±–Ω–æ–π –æ—Å—Ç—Ä–æ–≤ –ª—é—Ç–∏ –∑–∞–ø–æ–ª–Ω–µ–Ω–Ω—ã–π –ª–∞–Ω–¥—ã—à–∞–º–∏,Salatik_Oliver,3480,-32846,500,427,-4123,19.09.2023,-
449,–ü–æ–µ–∑–¥,–ü–æ–µ–∑–¥ –Ω–∞ —Ä–µ–ª—å—Å–∞—Ö,FreshGoat,2814,25694,666,343,3209,20.09.2023,-
450,–§–µ—Ä–º—ã –ö–µ–Ω–ª–∏–Ω–∞,—Ç–µ—Ä—Ä–∏—Ç–æ—Ä–∏—è –¥–ª—è –≥–æ—Ä–æ–¥–∞ –ö–µ–Ω–ª–∏–Ω,WoonReyz,14000,17000,2000,1750,2125,20.09.2023,-
451,–¢–µ—Ä—Ä–∏—Ç–æ—Ä–∏—è –ö–µ–Ω–ª–∏–Ω–∞,–û—Ç–¥–µ–ª—å–Ω–∞—è —Ç–µ—Ä—Ä–∏—Ç–æ—Ä–∏—è –ö–µ–Ω–ª–∏–Ω–∞,K7LLY0URS3LF,14000,21000,2000,1750,2625,20.09.2023,-
453,SigmaBASE,V.I.P MEGA –£–õ–¨–¢–†–ê –°–ò–ì–ú–ê –ë–ê–ó–ê –°–£–ü–ï–† –ú–ï–ì–ê –ö–†–£–¢–´–• –ß–ï–õ–û–í–ï–ö,wa1ne,192,6976,200,35,867,21.09.2023,
454,Galleta city,"–õ–∏—á–Ω–∞—è —Ç–µ—Ä—Ä–∏—Ç–æ—Ä–∏—è –∏–≥—Ä–æ–∫–∞
_Galleta_",_Galleta_,-52,-34202,1500,-8,-4300,22.09.2023,-
455,–°–∫–∞–π,–ë–∞–∑–∞,SqworeNAL,11224,-31784,2000,1403,-3973,24.09.2023,-
456,"–ë–∞–∑–∞ ""Shishkarik"" ",–¢–µ—Ä—Ä–∏—Ç–æ—Ä–∏—è –ø—Ä–∏–Ω–∞–¥–ª–µ–∂–∏—Ç Shishkarik,Shishkarik,15897,-6424,800,1946,-797,24.09.2023,-
457,–ü.–ò.–ó.–î.–ï,"–ü–∞–∫–æ—Å—Ç–∏
–ò
–ó–ª–æ–¥–µ–π—Å—Ç–≤–∞
–î–æ–∫—Ç–æ—Ä–∞
–ï–≤—Ä–µ–Ω—Ç–∏—è
–ë–∞–∑–∞ –æ—Ä–≥–∞–Ω–∏–∑–∞—Ü–∏–∏
–•.–£.–Ø.",Olof_Andersson,68,32065,2000,0,4011,25.09.2023,
458,–ë–∞–∑–∞ Lecrimer,–û—Å—Ç—Ä–æ–≤ —Å –ø–æ–ª–æ—Ç–Ω–æ–º –¥–ª—è –∞—Ä—Ç–æ–≤ –∏ –ø–æ–¥–≤–æ–¥–Ω–æ–π –∫—Ä–µ–ø–æ—Å—Ç—å—é,Lecrimer,19700,-13000,600,2416,-1622,26.09.2023,-
459,–°–∫–∏–±–∏–¥–∏ –≤–æ–¥–æ–ø—Ä–æ–≤–æ–¥ –±–µ–ª–∫–∞ –≤–µ–ª–∏–∫–∏–π –≥–∏–Ω—Ñ–∞–ª–æ—Ä –∏ –Ω–µ –ø—Ä–µ–≤–æ—Å—Ö–æ–¥–Ω—ã–π –≤–∏–µ–Ω—Ç–∏ –∏ –≥–ª–∞–≤–∞ —Å–µ–∫—Å–∞—Å—Ç–∞—Ä–∫–∫–æ–∫ –¥–µ–ª–∞—é—Ç –±–æ–º–±–æ–º —Ç—É–¥–∞ —Å—é–¥–∞ —Å–æ–±–∞—á–∏–π –≤–æ–ª–æ—Å ,—á–µ–≥–æ –±–ª—è—Ç—å —Ç—É—Ç –±–∞–∑–∞ —Å—Ç–∞—Ä–∫–∞–∫–æ–∫–∞ –∞ –≤–∏–µ–Ω—Ç–∏ —Ç—É—Ç –≥–ª–∞–≤–Ω—ã–π,V1enti,-969,-19728,200,-121,-2466,26.09.2023,-
460,–ë–æ–±—Ä–∏–Ω—ã–π –∫–∞–ª–ª,"–ú—ã —Å–∏–≥–º—ã, –Ω–µ–Ω–∞–≤–∏–¥–∏–º –∂–µ–Ω—â–∏–Ω. –°–∏–≥–º–∞ —Å–∏–≥–º–∞ —Å–∏–≥–º–∞ —Å–∏–≥–º–∞",Batcof,-5335,-575,100,-655,-80,27.09.2023,-
461,–í–ë–ì,–¢—Ä—É –±–∞–∑–∞ –¥–ª—è —à–∞—Ö—Ç—ë—Ä–æ–≤,MARKALLICA,-792,-33313,1500,-98,-4162,27.09.2023,-
462,Kirito11278,"–°–æ–±–∏—Ä–∞—é—Å—å
–∏—Å–ø–æ–ª—å–∑–æ–≤–∞—Ç—å
—Ç–µ—Ä—Ä–∏—Ç–æ—Ä–∏—é –∫–∞–∫ –±–∞–∑—É",Kirito11278,2825,37499,2000,355,5689,28.09.2023,-
463,–ü–æ–ø—É—Å–∫–ë–∞–∑–∞,"–°–º–µ—à–Ω–æ–µ –º–µ—Å—Ç–æ, —Å–º–µ—à–Ω—è–≤–∫–∏ –≤—Å—è–∫–∏–µ
–≤–µ—Å–µ–ª—å–µ –∏ –≤—Å–µ —Ç–∞–∫–æ–µ
–º–æ—Ä–∫–æ–≤–∫–∞ –∏ –±–∏–±–∏–∑—è–∫–∞.",PLacidLamb,9409,1501,1000,1176,187,07.05.2023,
464,–ë–∞–∑–∞ –∞–Ω–∫–∞–ø–∞,–ê–Ω–∫–∞–ø,Steka24,-5951,-8903,1000,-737,-1100,29.09.2023,-
466,–¢–∞–µ–∂–Ω—ã–π –û–∞–∑–∏—Å,–£—é—Ç–Ω–∞—è –±–∞–∑–∞ –≤ —Ç–∞–µ–∂–Ω–æ–º –ª–µ—Å—É.,Yksam_,-804,-23272,300,-91,-2915,30.09.2023,-
467,COP,–ü—Ä–æ—Å—Ç–æ –±–∞–∑–∞,Arimaqqe,-32838,-7472,1500,-4114,-929,30.09.2023,-
468,–ñ–∏–≤–æ–ø–∏—Å–Ω–∞—è –ø–µ—â–µ—Ä–∞,–¢—ë–º–Ω—ã–π –ª–µ—Å –∏ —Å–µ—Ç—å –ø–µ—â–µ—Ä –ø–æ–¥ –Ω–∏–º,NETRONREK,-5121,-23393,365,-643,-2938,30.09.2023,-
469,–¢–µ—Ä—Ä–∏—Ç–æ—Ä–∏—è –ë–∏—Ç–∫–æ–π–Ω–∞,–¢–µ—Ä—Ä–∞ –¥–ª—è —Ñ–µ—Ä–º,fiasXD_He,24250,3900,1000,3030,490,30.09.2023,-
470,–±–∞–∑–∞ –∏–≥—Ä–æ–∫–∞ promasterkilersn,–±–∞–∑–∞ –Ω–∞ —Ç–µ—Ä—Ä–µ—Ç–æ—Ä–∏–∏ –¥–µ—Ä–≤–Ω–∏,promasterkilersn,-5025,-36330,500,-646,-4540,01.10.2023,-
472,–ü—Ä–∏–≥–æ–¥—ã –ú–∞—Å–∫–∏—Ç–æ–ª–æ–≥–∞,"—Ö–∞–π–ø, –¥–ª—è 
–º–µ–Ω—è –æ–¥–Ω–æ–≥–æ
",PiterGrad_furry,-9896,-244,300,-1222,-24,04.10.2023,
473,–ö—ç—Ç–≥—Ä–∏–Ω,"–ë–∞–∑–∞ –∫—É–∑–Ω–µ—Ü–∞ _MaD_CaT""a",_MaD_CaT_,-16892,419,1000,-2111,46,04.10.2023,-
474,–¢–µ—Ä—Ä–∏—Ç–æ—Ä–∏—è hellmind,–¢–µ—Ä—Ä–∏—Ç–æ—Ä–∏—è –¥–ª—è —Ñ–µ—Ä–º,hellmind,-3500,28000,2000,-437,3500,05.10.2023,-
475,–ú–∞–π–∞–º–∏,–¢–µ—Ä—Ä–∏—Ç–æ—Ä–∏—è —Å–∏–ª—å–Ω—ã—Ö –ª—é–¥–µ–π,RetraY_,26514,7084,1500,3314,885,05.10.2023,-
477,–ó–æ–Ω–∞ –ø–æ–Ω–∏–∂–µ–Ω–Ω–æ–π –≥—Ä–∞–≤–∏—Ç–∞—Ü–∏–∏,–õ—é—Ç–æ –±–∞–∑–∞ —Å–∏–≥–º—ã,The_M1lkyway,-5504,188,700,-685,22,06.10.2023,-
478,Ban04ka,"–¢–µ—Ä–∏—Ç–æ—Ä–∏—è 
–¥–ª—è —á–∏–ª–∞",Banka3629,-7500,28000,2000,-937,3500,06.10.2023,-
479,–†–∏—Å–æ–≤—ã–µ –ø–ª–∞–Ω—Ç–∞—Ü–∏–∏,–†–∏—Å,t1mem1x,-11500,28000,2000,-1437,3500,06.10.2023,-
480,–¢–µ—Ä—Ä–∞ –î–∏–∞–≥–æ–ª–∞,–ë–∞–∑–∞ –¥–ª—è –∫–æ–º—Ñ–æ—Ä—Ç–Ω–æ–≥–æ –≤—Ä–µ–º–µ–Ω–∏,Dyagol,-500,29000,1000,-62,3500,06.10.2023,-
481,–§–µ—Ä–º–∞ —Ä–µ–¥–±—É–ª–ª–∞,–ú–æ—è –±–∞–∑–∞ –∏ —Ñ–µ—Ä–º–∞,REDBULL_men,9243,-223,1000,1128,-27,07.10.2023,-
482,–ú—è—Å–∏—Å—Ç—ã–π –ø–µ–Ω–∏—Å,–ü–µ–ø–µ–ª—å–Ω–∏—Ü–∞ –∫–æ—Ä–æ–ª—è,Kart04ka,25814,4203,1500,3226,525,07.10.2023,-
483,abs0lute,–ú–µ—Å—Ç–æ –æ–±–∏—Ç–∞–Ω–∏—è –±—Ä–∞—Ç–∞–Ω—á–∏–∫–æ–≤,meety2k,-2500,-4500,500,-312,-562,07.10.2023,https://vk.com/wall-131054616_83829
484,–ë–∞–∑–∞ –ê—Ä—Ç–º–∞–Ω–∏–∏,"–ó–∞–∫—Ä—ã—Ç–∞—è –±–∞–∑–∞ –ê—Ä—Ç–º–∞–Ω–∏–∏, –≤–æ–π—Ç–∏ –º–æ–∂–Ω–æ —Ç–æ–ª—å–∫–æ —á–µ—Ä–µ–∑ –æ—Å–Ω–æ–≤–Ω—É—é –±–∞–∑—É –ê—Ä—Ç–º–∞–Ω–∏–∏.",NotQR_,-32000,2600,2000,-4000,325,08.10.2023,-
485,PTwyorker,"–ß–∞—Å—Ç–Ω–∞—è –±–∞–∑–∞ 
–∏–≥—Ä–æ–∫–∞. 
–í –∞–¥—Å–∫–æ–º —Å—Ç–∏–ª–µ.",intewyorker,5240,-260,500,666,-40,09.10.2023,
486,—Ç–µ—Ö–Ω–æ–±–∞–∑–∞69,"–ø—Ä–∏–∫–æ–ª—å–Ω–∞—è –±–∞–∑–∞, –Ω–æ–≤–æ—Å—Ç—Ä–æ–π —Å –º–µ",vist69,-6,20218,2000,3,2514,09.10.2023,-
487,–Ø–º–∞ –¢–∏–ø—Å–∏–∫–∞,-,AinCube,-4193,-16,128,-520,-16,09.10.2023,-
488,–ë–∞–∑–∞ –ú–∏—à–∫–∏,-,_M1shk4_,-15500,28000,2000,-1937,3500,12.10.2023,-
489,HEAVEN TO ME,–¢–µ—Ä—Ä–∏—Ç–æ—Ä–∏—è Mr. Lonely,burdik,601,-14287,120,69,-1782,12.10.2023,-
490,zxcql0p1n4,y4 tru ql0p,legendaPVE,-12000,-8500,400,-1500,-1062,13.10.2023,-
491,–±–∞–∑–∞ –∏–≥—Ä–æ–∫–∞ werj_,–ø–æ–¥–∑–µ–º–Ω—ã–π –≥–æ—Ä–æ–¥,werj_,23850,-11251,1000,2980,-1406,13.10.2023,-
492,–¥–∞—á–Ω—ã–π –ø–æ—Å—ë–ª–æ–∫,–ó–¥–µ—Å—å –Ω–∞—Ö–æ–¥—è—Ç—Å—è –¥–∞—á–∏ —Ç–∞–∫ –Ω–∞–∑—ã–≤–∞–µ–º—ã—Ö –∏–≥—Ä–æ–∫–æ–≤.,ProstoSlogno,17521,-3747,1500,2192,-455,14.10.2023,-
493,–¥–∞—á–Ω—ã–π –ø–æ—Å—ë–ª–æ–∫,–ó–¥–µ—Å—å –Ω–∞—Ö–æ–¥—è—Ç—Å—è –¥–∞—á–∏ —Ç–∞–∫ –Ω–∞–∑—ã–≤–∞–µ–º—ã—Ö –∏–≥—Ä–æ–∫–æ–≤.,Figovy,-11200,15994,500,-1399,2000,15.10.2023,-
494,"–§–µ—Ä–º—ã ""–í–∞—Ç–∏–∫–∞–Ω shop'a"" N1",–õ—é—Ç—ã–µ —Ñ–µ—Ä–º—ã –¥–ª—è –≤–∞—Ç–∏–∫–∞–Ω shop,F0REXS,-3500,28000,2000,-437,3500,19.10.2023,-
495,—Å–µ–∫—Å–º—É–Ω–¥,—Å–µ–∫—Å - –∂–∏–∑–Ω—å ,MISHYTOCHKA,1648,32623,2000,4077,206,20.10.2023,-
496,–†–æ–≥–∞—Ç—ã–π –±–µ—Ä–µ–≥,–±—Ä—Ä—Ä –±—Ä–±—Ä–≤—Ä–≤—Ä,Franken_Stein,30832,-274,500,3866,-19,21.10.2023,-
497,–ë–∞–∑–∞ –≥–ª–µ–∫–æ –∫–ª–∞–Ω–∞,–ë–∞–∑–∞ –≥–ª–µ–∫–æ –∫–ª–∞–Ω–∞ –∏ –ø–∞—Ä–∏–∂–∞,"____glek____zul,
mibran4ik",-9928,-21950,1000,-1236,-2750,21.10.2023,-
498,–ö—Ä–æ–≤–∞–≤—ã–µ –¥–æ–∫–∏, –ë–∞–∑–∞ –≤ –æ–∫–µ–∞–Ω–µ,ReDyth,-23000,-6325,1000,-2873,-790,23.10.2023,
499,–ì–≤–∞—Ä–¥–∏—è –ü–µ—Ç—Ä–∞,–õ–∏—á–Ω–∞—è –¢–µ—Ä—Ä–∞,Logmen2078,10500,-2400,250,1322,-308,23.10.2023,-
500,VIP-SIGMA1137,"–°—É–µ—Ç–æ–ª–æ–≥-—Ö–∞—Å–∞–Ω–Ω–∞—Ç–æ—Ä—Å–∫–∞—è —Ç–µ—Ä–µ—Ç–æ—Ä–∏—è —ç—â–∫–µ
—Ä–µ(–ü–û–õ–ù–´–ô –≠–©–ö–ï–†–ï)",kirushkin_TPEHEP,-3500,28000,2000,-437,3500,23.10.2023,-
501,–ë—É–Ω–∫–µ—Ä –≠–¥–µ–ª—å–≤–µ–π—Å,"–¢–µ—Ä—Ä–∏—Ç–æ—Ä–∏—è
–ò–≥—Ä–æ–∫–∞ Furstkeg
–ë–∞–∑–∞ –¥–ª—è –ª–∏—á–Ω–æ–≥–æ
–ø—Ä–æ—ç–∏–≤–∞–Ω–∏—è",Furstkeg,14184,-3118,250,1773,-392,26.10.2023,-
502,–±–∞–∑–∞ Vellin,–±–∞–∑–∞ —Å–æ —Å–∫–ª–∞–¥–æ–º,Vellin,-36760,-3397,250,-4595,-424,28.10.2023,-
503,–ú–µ—à–æ–∫,-,Riktori,27053,-9160,1500,3365,-1136,30.10.2023,-
504,–°–∫—É—Ñ–±—É—Ä–≥,–ë–∞–∑–∞ —Å–∫—É—Ñ–æ–≤,Pablorich,-1054,-9487,1500,-138,-1177,02.11.2023,-
505,—Ç–µ—Ä—Ä–∏—Ç–æ—Ä–∏—è _Crepil00_,-,_Crepil00_,616,17373,500,90,2170,04.11.2023,-
506, –Ω—è–Ω—è–Ω—è^^,–Ω—è–Ω—è–Ω—è–Ω—è–Ω—è–Ω—è–Ω—è–Ω—è–Ω—è–Ω—è–Ω—è–Ω—è–Ω—è–Ω—è–Ω—è–Ω—è–Ω—è–Ω—è–Ω—è–Ω—è–Ω—è–Ω—è–Ω—è–Ω—è–Ω—è–Ω—è–Ω—è–Ω—è–Ω—è–Ω—è–Ω—è–Ω—è–Ω—è–Ω—è–Ω—è–Ω—è–Ω—è–Ω—è—è–Ω—è–Ω—è–Ω—è,Radowi,21126,-831,200,2646,-96,04.11.2023,-
507,–¢–∏–ø–æ–Ø–º–∞,:–Ø –µ–±–∞–ª –≤–∞—à —Ä–æ—Ç,___Tipo___lew3a,-309,-10296,250,-26,-1280,04.11.2023,-
508,–ë—É–±–∞ –ª–µ–Ω–¥,–ë—É–±–∞ –≥—ç–≥—ç–≥ –≥—É–¥–∫–∞ –±–æ–±,sasibaka123,10500,-2400,250,1322,-308,05.11.2023,-
509,Frostburg,"–õ–∏—á–Ω–∞—è –±–∞–∑–∞ –Ω–∞ –±–µ—Å–ø–æ—â–∞–¥–Ω–æ–º
—Å–µ–≤–µ—Ä–µ.",Yksam_,-19 336,-9000,1500,-2417,-1125,05.11.2023,-
510,–ë–æ–≥–∞—Ç—ã–π —Ä–∞–π–æ–Ω,-,hai11an,36105,536,500,4506,67,05.11.2023,-
512,–õ–∞–¥–Ω–æ,45,ladno45,-493,25541,500,-72,3191,08.11.2023,
514,–î–æ–º –ø—Ä–µ—Å—Ç–∞—Ä–µ–ª—ã—Ö –∂–∏—Ç–µ–ª–µ–π,—Ç—É—Ç –∂–∏—Ç–µ–ª–∏ –ø—É—à–∏—Ç—Å—Ç–æ–≥–æ —Ñ–µ–º–±–æ—è,MrNabuy,-36909,3684,500,-4613,461,11.11.2023,-
515,–ë–∞–∑–∞ –∫–æ—Ä–º–∏—Ç,–ë–∞–∑–∞ –∫–æ—Ä–º–∏—Ç,JustTarum,-19560,2400,720,-2445,300,14.11.2023,-
516,–ù–µ–Ø–º–∞,–ë–∞–∑–∞ –ù–µ–Ø–º—ã,–ë–∞–∑–∞ –ù–µ–Ø–º—ã,728,6000,250,95,736,14.11.2023,-
517,–û—Å—Ç—Ä–æ–≤–∞ –£–£–£,"–£–º–µ–Ω—å—à–µ–Ω–Ω–∞—è –≤–µ—Ä—Å–∏—è
–º–∏—Ä–∞ –£–£–£",Night_S_,32000,-36500,1000,3960,-4626,15.11.2023,-
518,–ë–∞–∑–∞ Cera11,–ë–∞–∑–∞,Cera11,856,-24572,200,103,-3067,16.11.2023,-
519,–î–∞—á–∞ –∫–æ—Ä–æ–≤—ã,"–ü—Ä–æ—Å—Ç–æ –¥–∞—á–∞. –¢–∞–º —É—é—Ç–Ω–æ, –ª–∞–º
–ø–æ–≤–æ, –∏ –∏–≥—Ä–∞–µ—Ç –¥–∂–∞–∑. 
–ù—É –∏ –∫–æ—Ä–æ–≤–∞ –µ—â–µ –∂–∏–≤—ë—Ç",korowwa,5856,-1036,100,732,-129,17.11.2023,- 
520,FarmLand,"—Ç—Ä–∞—Ö–∞–µ–º —Ç—Ä–æ—Å–Ω–∏–∫, –∂–∏—Ç–µ–ª–µ–π, –∏ –≤–æ–æ–±—â–µ
–≤—Å–µ —á—Ç–æ –¥–≤–∏–∂–µ—Ç—å—Å—è! –ï—Å–ª–∏ –Ω–∞–¥–æ —á—É—Ç—å 
–ø–æ—Ñ–∞—Ä–º–∏—Ç –∏–¥–∏ –Ω–∞—Ö–µ—Ä —Å –Ω–∞—à–µ–π –±–∞–∑—ã,
–∏–ª–∏ –∂–µ –ø–∏—à–∏ –≤ –¥–∏—Å–∫–æ—Ä–ª –≤–ª–∞–¥–µ–ª—å—Ü—É",Niguchipvvp,-196,65,26112,-23,3270,17.11.2023,
521,–Ø–¥–µ—Ä–Ω–∞—è –ø–æ–¥–ª–æ–¥–∫–∞,"–ê—Ç–æ–º–Ω–∞—è –ø–æ–¥–ª–æ–¥–∫–∞ –Ω–∞ –≤–æ–æ—Ä—É–∂–µ
–∫–æ—Ç–æ—Ä–æ–π –∏–º–µ–µ—Ç—å—Å—è 
—è–¥–µ—Ä–Ω–æ–µ –æ—Ä—É–∂–∏–µ –∏ –Ω–µ
—Ç–æ–ª—å–∫–æ",Staali_t65,1452,3469,680,200,444,17.11.2023,
522,–¢–µ—Ä—Ä–∞ –õ–µ–ª—É—à–∞,-,Lelush_,-10,9460,2000,-27,1200,09.07.2023,
523,Realm-Try,–ë–∞–∑–∞ wolframov0422 –∏ gabriel_tea,wolframov0422,-811,-20560,100,-88,2580,18.11.2023,-
524,–§–∞—Ä—à–º–∞–∫–∏,"–ë–∞–∑–∞ –ª–µ–≥–µ–Ω–¥, —Ñ–∏–ª–∞–Ω—Ç—Ä–æ–ø–æ–≤ –ø–ª–µ–π–±–æ–µ–≤ –º–∏–ª–∏–æ–Ω–µ—Ä–æ–≤",Krabushek,-8392,2385,1000,-1049,293,20.11.2023,
525,–≠—á–ø–æ—á–º–∞–∫,"–ë–∞–∑–∞ –ª–µ–≥–µ–Ω–¥, —Ñ–∏–ª–∞–Ω—Ç—Ä–æ–ø–æ–≤ –ø–ª–µ–π–±–æ–µ–≤ –º–∏–ª–∏–æ–Ω–µ—Ä–æ–≤",ZaGorodYrodoV,3550,-18845,1200,444,-2355,21.11.2023,
526,–†–æ—Å–ö–æ–ø,"–¢–µ—Ä—Ä–∞–∫–æ—Ç–æ–≤–æ-–ø–µ—Å—á–∞–Ω–Ω—ã–π –∫–∞—Ä—å–µ—Ä –∏–≥—Ä–æ–∫–∞  
Greevele",Greevele,36000,2400,2000,4500,300,21.11.2023,
527,–ú–∞–∫–∞—Ä–µ–Ω–∞,–º–µ–∫ —à–º–µ–∫,J3sats3,-1215,25847,500,-155,3220,21.11.2023,
528,Sperma,–ö—Ä—É—Ç–æ,SpermaToxicoznic,-6800,100,500,-850,15,22.11.2023,
529,–ë—É—Ö–µ–Ω–≤–∞–ª—å–¥,"–•–∞–π–ø–æ–≤—ã–π –ø—Ä–æ–º —Ü–µ–Ω—Ç—Ä 
",MrSvetskiy,17581,-5506,200,2206,-704,23.11.2023,
530,–¢–µ—Ä—Ä–∞ –∏–≥—Ä–æ–∫–∞ VL,–¢–æ–ø–∏ —Ç–µ—Ä—Ä–∞,______________VL,18180,-900,2000,2270,-115,23.11.2023,
531,–±—É—Ü–µ—Ñ–∞–ª–æ—Å,-,Mr_Soso4ek,23135,2802,700,2892,341,24.11.2023,
532,–ü–ª–∞–Ω–∏–Ω–∞,–î–∞—á–∞ Gorynych,Gorynych,-679,-31815,450,-59,-4000,26.11.2023,
533,—Ç–µ—Ä—Ä–∞ –±–∞–∑–∏–∑—ã,–Ω—É –±–∞–∑–∞ –±–∞–∑–æ–≤–∞—è –±–∞–∑–∞ –±–∞–∑–∞ –∫–∞–∫ –±—ã,_Baziza00_,-6695,6612,500,-800,800,03.06.2022,https://vk.com/gepe5?w=wall-131054616_84351%2Fall
544,–ë–∞–∑–∞ —Å –ü—Ä–∞–≤–¥–æ–π,"–ë–∞–∑–∞ –æ—Ä–≥–∞–Ω–∏–∑–∞—Ü–∏–∏  
AVTOMOBILIST
",AVTO_Savel,-11250,-9250,2000,-1437,-1156,26.11.2023,
545,–ù–µ—Ñ–∏–ª–∏–º,"–õ–∏—á–Ω–∞—è –±–∞–∑–∞ –∏–≥—Ä–æ–∫–∞
Septole",Septole,647,35037,500,80,4379,26.11.2023,
546,–§–µ—Ä–º–∞ —Å–ª–∏–∑–∏,–§–µ—Ä–º–∞ —Å–ª–∏–∑–∏,werj_,23170,-9000,1000,2972,-1032,26.11.2023,
547,–ü–∏—Ç–µ—Ä–õ—ç–Ω–¥,–í–≤–µ–¥–∏—Ç–µ –æ–ø–∏—Å–∞–Ω–∏–µ ,agent2210,-666,37300,500,59,4653,26.11.2023,
548,–•–∞–±–∞—Ä–æ–≤—Å–∫,"–ì–æ—Ä–æ–¥, —á–∞—Å—Ç–∏—á–Ω–æ –ø–æ–≤—Ç–æ—Ä—è—é—â–∏–π —Ä–µ–∞–ª—å–Ω—ã–π –≥–æ—Ä–æ–¥ –•–∞–±–∞—Ä–æ–≤—Å–∫",Wer_ax,11050,16150,1000,1367,2022,27.11.2023,
549,–≥–∞—Ä–µ–º –≥–µ–µ–≤,"–æ–≥—Ä–æ–º–Ω—ã–π –º–∏–Ω–∏–æ–Ω –æ–≥—Ä–æ–º–Ω—ã–π —á–æ–Ω–æ–Ω –∏ 
–æ–≥—Ä–æ–º–Ω—ã–π –æ–∫—É–ª–æ–Ω 
–∏ –µ—â–µ –ª—é–±–ª—é —Å–∞—Ä—É
–ø–æ–ª—Å–æ–Ω 
—Ä–æ—Å—Ç –∞–ª–µ–∫—Å –≤–æ—É—Å 182
—Ñ—É—Ä–µ —Ç–æ–ø–∏ —Å—é–¥–∞ —Ç—É–¥–∞
–∏ –æ–±—Ä–∞—Ç–Ω–æ",Qwennnn,3152,17909,2000,395,2240,29.11.2023,
550,–ë–∞–π–∫–∞–ª,-,FlowerRadiance,-8632,-36421,100,-1066,-4541,29.11.2023,
551,–í–æ—Ä–æ–Ω–µ–∂,–ë–∞–∑–∞ –¥—É—Ä–∞—á–∫–æ–≤,Olli_FFX,-21363,-11873,1000,-2657,-1488,06.12.2023,
552,–ö–æ–º–ø–∞—à–∫–∞ –ï–±–∞–Ω—É—Ç—ã—Ö,–ë–∞–Ω–∞–Ω—á–∏–∫–∏,iKpoxa,18000,-28000,700,2250,-3500,06.12.2023,
553,–∫–ª–æ—É–Ω–∞–¥–∞,–º–æ–π –¥–æ–º —Ç–∏–ø–æ,ZakBi,23355,5477,2000,2921,687,09.12.2023,
554,—á–∏–ª–∏–Ω—Ç–∞–Ω–æ,-,nikolskiy,-14505,2095,200,-1802,300,10.12.2023,
555,–ë–∞–∑–∞ konorip,-,konorip,37250,4534,1000,4658,564,10.12.2023,
556,S1mpSquad,—Ç—É—Ç —Å–∞–º—ã–µ –∫—Ä—É—Ç—ã–µ –∂–∏–≤—É—Ç,"dilerkot, mayonezik",4783,5888,500,560,720,11.12.2023,-
557,–ß–µ–±—É—Ä–µ–∫–∏,-,SHIMURAEMOADIDAS,-5300,-625,150,-660,-100,12.12.2023,
558,–¢–µ—Ä—Ä–∞ –º–æ–Ω–æ–º—Ä–∏,-,monomri,-22000,14000,2000,-2750,1750,17.12.2023,
559,–¥–æ–º red27legend,-,red27legend,-34438,49,500,-4300,18,17.12.2023,
600,–°–∞—Ä–∞—Ç–æ–≤—Å–∫–∏–π –ö—Ä–∞–π,-,Dukuy_Muzhik,-16161,12852,800,-2021,1602,29.11.2023,
601,–†–µ–¥–≤–æ–ª–ª,–ó–∞–≥–æ—Ç–æ–≤–∫–∞ –ø–æ–¥ –≥–æ—Ä–æ–¥,Manu_Horek,-33820,517,1000,-4222,78,,
602,–ë–æ–ª–æ—Ç–∞,–ë–æ–ª–æ—Ç–∞ —Å–æ —Å—Ç—Ä–∞–Ω–Ω—ã–º —Å–≤—è—Ç–∏–ª–∏—â–µ–º.,Lekholesye,-31651,-115,800,-3956,-19,21.12.2023,
603,–°—É–ø–µ—Ä —Å–µ–∫—Ä–µ—Ç–Ω–∞—è –±–∞–∑–∞,–ë–∞–∑–∞ –∏–≥—Ä–æ–∫–∞ mauffy,mauffy,-13689,14782,1000,1698,,22.12.2023,
604,–ï–≥–∏–ø–µ—Ç,–ø–∏—Å—å –ø–∏—Å—å,aladin2811,19650,-6900,200,2452,-867,23.12.2023,
605,Old York,Old York,Mr_Gemrani,-19 000,-11 000,2000,-2580,-1335,24.12.2023,
606,–∏—à–∞–∫–ª–∞–Ω,—Ö–∞–π–ø–æ–≤–∞—è —Ç–µ—Ä—Ä–∞ –±–∞–∑–∞ –∏—à–∞–∫–ª–∞–Ω–∞,GeForceRTX3060GB,-957,393,300,-130,48,25.12.2023,
607,–•–æ–ª—Ç—É—Ä–∏—è,–ü–æ–ª–æ—Ç–Ω–æ –¥–ª—è –ø–æ—Å—Ç—Ä–æ–π–∫–∏ –∞—Ä—Ç–æ–≤ –ø–æ—Å—Ä–µ–¥–∏ –æ–∫–µ–∞–Ω–∞,holotry,-35330,-639,500,-4405,4,25.12.2023,
608,"3–¢_–†–ë ""–Ø–°—ä–µ–ª–î–µ–¥–∞""",–¢–µ—Ä—Ä–∞ –¥–ª—è –ª—é—Ç–æ–≥–æ –≤—Å–∞—Å—ã–≤–∞–Ω–∏—è —Ä–µ—Å–∏–∫–æ–≤ –∏ –ø—Ä–æ–∏–∑–≤–æ–¥—Å—Ç–≤–∞ —Ä–∞–∑–ª–∏—á–Ω–æ–≥–æ –∫–∞–ª–∞.,Jeleiaka,5069,31197,1000,641,3893,27.12.2023,
609,–ë–∞–∑–∞ Caukoo,–ë–∞–∑–∞ Caukoo,Caukoo,-17000,-1950,1000,-2111,-248,28.12.2023,
610,–¢—ç–ª—É–º–±—ç,–ì—Ä–∏–±–Ω–æ–π —Ä–∞–π–æ–Ω –ê–º–±–µ–Ω–Ω–∞,Lotli,12683,10535,200,1585,1316,28.12.2023,
611,—Ñ–∞–∫–∞–º–∞–∫–∞–∫–∞ –±–æ–ª—å—à–∞—è —É–ª—ã–±–∞–∫–∞,—Ñ–∞–∫–∞–º–∞–∫–∞–∫–∞ –≥—Ä—É—Å—Ç–Ω–∞—è —É–ª—ã–±–∞–∫–∞,fakamakaka,-37498,39,1500,-4687,8,29.12.2023,
612,–ë–∞–∑–∞ krytoi_eblan,–±–∞–∑–∞ –¥–ª—è —Ñ–µ—Ä–º –∏ —Ö—Ä–∞–Ω–µ–Ω–∏—è —Ä–µ—Å–æ–≤,krytoi_eblan,20870,3376,1500,2615,417,02.01.2024,
613,–ë–∞–∑–∞ MrsFlyfi,—Å–µ–∫—Ä–µ—Ç–Ω–∞—è –±–∞–∑–∞,MrsFlyfi,-27421,-280,300,-3424,-32,02.01.2024,
614,–ë–∞–ó–∞,–Ø —Ç—É—Ç–∞ –∂–∏–≤—É –¥–∞,VenSee,6200,8350,2000,775,1044,04.06.2022,
615,Rarla's land,42,Rarka,5897,9797,200,742,1225,03.01.2024,
616,–°–æ–ª–µ–Ω–∏—è –≤ —Ç–∞–∑–∏–∫–µ,–ë–∞–∑–∞ –≥–µ–Ω–∏–µ–≤,KuberBR,29000,12000,1500,3637,1512,05.01.2024,
617,–ë–∞–∑–∞-–∫—É–ø–æ–ª,–õ–∏—á–Ω–∞—è –±–∞–∑–∞ —Å–æ –≤—Å–µ–º–∏ —É–¥–æ–±—Å—Ç–≤–∞–º–∏,Skadi2706,-6774,21231,600,-850,2660,06.01.2024,
618,citepenis,–±–∞–∑–∞ –¥–ª—è –¥—É—à–∏,liquor4k,28470,857,2000,3556,107,07.01.2024,
619,–†–µ–∑–∏–¥–µ–Ω—Ü–∏—è –†–∞—Å–ª–æ–±–æ–Ω–∞ –∞–∫–∞ –ù–ê–®–ê –†–ê–®–ê 2.0,–ù—É —Ç–∏–ø–∞ –±–∞–∑–∞ —Å —Ñ–µ—Ä–º–∞–º–∏ –∏ –ø–æ—Å—Ç—Ä–æ–π–∫–∞–º–∏ –ø—Ä–æ—Å—Ç–æ –Ω–æ—É–≤–µ–π EZZ,3orka,-748,-7789,600,-79,-970,10.01.2024,
620,–ì–≤–∞–¥–µ–ª—É–ø–∞-53,"–ü–æ–∂–∏–ª–∞—è –±–∞–∑–∞ –¥–≤—É—Ö —Å—Ç–∞—Ä–∏–∫–æ–≤, 
—Å–æ–∑–¥–∞–Ω–Ω–∞—è –¥–ª—è –ª—é—Ç–æ
–≥–æ –∫–∞–π—Ñ–∞ –∏ —Ä–∞—Å–ª–∞–±–æ–Ω–∞",2025Nermis,-2600,1900,450,-325,237,10.01.2024,
621,–†–∞–µ,–ú–∞–ª–µ–Ω—å–∫–∞—è –±–∞–∑–∞,Frigo_,829,-19084,200,97,-2385,13.01.2024,
622,–ê—Ä—á–∏,–¢—É—Ç –∂–∏–≤—É—Ç —Å–∏–º–ø—ã –∏ –Ω–∏–∫–æ–≥–æ –±–æ–ª—å—à–µ,"senpa_moy_kotik
cubens_moy_kotik",31362,3048,1000,3920,376,20.01.2024,
623,–ú–∏—Ä–∞,–•—Ä–∞–Ω–µ–Ω–∏–µ —Ä–µ—Å—É—Ä—Å–æ–≤,,-36211,782,500,-4531,95,21.01.2024,
624,–ë–∞–∑–∞ –¢–æ—Ä—Ñ—è–Ω–∏–∫ –§–ª–æ—É,-—è –∂–∞–±–∞,,21600,23500,1000,2700,2938,22.01.2024,
625,–§–∞–∑–µ–Ω–¥–∞ ZV,–ü—Ä–æ–º—ã—à–ª–µ–Ω–Ω–∞—è —Ñ–∞–∑–µ–Ω–¥–∞ –∑–∞ Z–æ–ª–æ—Ç–æ–π V–µ—Ç–∫–µ,Unkodero,-2222,8444,200,-277,1055,26.01.2024,
626,–§–∞–∑–µ–Ω–¥–∞ KV,–ß–∏–ª–ª–æ–≤–∞—è —Ñ–∞–∑–µ–Ω–¥–∞ –Ω–∞ K—Ä–∞—Å–Ω–æ–π V–µ—Ç–∫–µ,Unkodero,-2700,-9111,200,-337,-1138,26.01.2024,
627,Ezo,–ü—Ä–∏–≤–∞—Ç–∞—è –±–∞–∑–∞,nerick,-460,2790,400,-60,360,26.01.2024,
628,–°–∫–∞–º—Å–∫,–ë–∞–∑–∞ –±–∞–∑–∏—Ä–æ–≤–∞–Ω–Ω—ã–∑ –±–∞–∑–æ–≤–∏—á–∫–æ–≤,Unkodero,-2626,-6211,300,-330,-750,26.01.2024,
629,–î–∞—á–∞ 1quartix1,–ú–∞–ª–µ–Ω—å–∫–∏–π –æ—Å—Ç—Ä–æ–≤–æ–∫,1quartix1,-244,8262,300,-23,1034,28.01.2024,
630,–í–æ–¥–Ω–∞—è —è–º–∞,–≤–æ–¥–Ω–∞—è —è–º–∞,HACPAL13MoyKotik,-12687,3858,500,-1586,482,28.01.2024,
631,–î–æ–º–∏–∫ goga_giga,–ö–≤–∞–¥—Ä–∞—Ç–∏–∫,goga_giga,18000,-17300,400,2250,-2162,28.01.2024,
632,–ú—É—Ö–æ—Å—Ä–∞–Ω—Å–∫,–∑–¥–µ—Å—å –æ–±–∏—Ç–∞—é—Ç –º—É—Ö–∏,Qwensky,7109,-26204,2000,-3275,-888,29.01.2024,
633,–ë–∞–∑–∞ –û—Ç–¥—ã—Ö–∞ ,-,Deaze__,28207,512,500,3526,65,,
634,–ú–µ–π–Ω—Ç–µ–∫—Ä–∏,–ì–æ—Ä–æ–¥ –ú—ã—à–∫–∏–Ω-–ì—Ä–∞–¥ –≤–æ–ª—à–µ–±–Ω—ã–π –Ω–∞—à!,APCHItik,-9413,-104,1200,-1180,-14,02.02.2024,
635, Ezo,–ü—Ä–∏–≤–∞—Ç–Ω–∞—è –±–∞–∑–∞.,nerick,8160,2920,400,1020,373,05.02.2024,
636,–ö—Ä—É—Ç–∞—è —Ç–µ—Ä—Ä–∏—Ç–æ—Ä–∏–∏–∏–∞,–û—á–µ–Ω—å –∫—Ä—É—Ç–∞–∞–∞–∞–∞–∞!,Budashka,-311,29016,400,-32,-3623,05.02.2024,
637,–ë–∞–∑–∞ vanend,–¢–µ—Ä—Ä–∏—Ç–æ—Ä–∏—è –¥–ª—è —Ñ–µ—Ä–º –∏ –ø–æ—Å—Ç—Ä–æ–µ–∫.,vanend,3960,6392,152,500,780,08.02.2024,
638,–ë–µ–∑–¥–Ω–∞,—Ç—É—Ç —Å–∫–æ—Ä–æ –±—É–¥–µ—Ç –≥–æ—Ä–æ–¥,fliri_lime,-10000,1460,250,-1265,178,08.02.2024,
639,Made in heaven,–ú–µ—Å—Ç–æ –¥–ª—è —Ö–∞–π–ø–∞,xeruwim,-19800,-6700,1000,-2460,-840,09.02.2024,
640,NevaRuSs,-,NevaRuSs,-11876,2263,2000,-1488,277,10.02.2024,
641,–§–∞–±—Ä–∏–∫–∞ –ú—É—Ä–º—É—Ä–∫,–ó–∞–ø—Ä–µ—Ç–Ω–∞—è —Ç–µ—Ä—Ä–∏—Ç–æ—Ä–∏—è –ø–æ –∏–∑–≥–æ—Ç–æ–≤–ª–µ–Ω–∏—é —Ä–∞–∑–Ω–æ–≥–æ –≤–∏–¥–∞ –º–∞—Ç–µ—Ä–∏–∞–ª–æ–≤,_MaD_CaT_,36864,-24996,2000,4606,-3118,14.02.2024,
642,–§–∞–±—Ä–∏–∫–∞ –ú—É—Ä–º—É—Ä–∫,–§–∞–±—Ä–∏–∫–∞ –ø–æ –∏–∑–≥–æ—Ç–æ–≤–ª–µ–Ω–∏—é –≤—Å–µ–≥–æ –∏ –≤—Å—è,_MaD_CaT_,16500,14500,399,2062,1812,16.02.2024,
643,–ë–∞–∑–∞ HCDAP,-,lleeska_my_kotik,1134,11929,500,141,1488,16.02.2024,-
644,–ü–ò–ö,–ó–∞–ø—Ä–µ—Ç–∫–∞,A512,33520,22975,315,4190,2870,16.02.2024,-
645,–ü.–≠.–ü.C,–¢–µ—Ä—Ä–∏—Ç–æ—Ä–∏—è –ü.–≠.–ü.C,Spilya,-15984,-26730,2000,-3341,-1998,17.02.2024,
646,–¢–î–ü,—ç—â–∫–µ—Ä–µ–µ,d1kknya,33351,-554,1500,4169,-65,18.02.2024,-
647,#Q1,-,Quan1ks,-4693,-35111,1000,-586,-4388,18.02.2024,
648,–ì–æ—Ä—ã –∫—Ä–∞—Å–∏–≤—ã–µ,–ö—Ä—É—Ç–∞—è –∑–æ–Ω–∞ —Ñ–µ—Ä–º,Budashka,-1290,-27761,500,-586,-4388,12.02.2024,
649,–û —Ç—É—Ç –ø–ª—è–∂,–¢—É—Ç —Ñ–µ—Ä–º–∞ –∂–∞–±–æ–∫,Budashka,-1501,-29289,400,-188,-3661,18.02.2024,
,,,,,,,,,,
651,–î–µ—Ä–µ–≤–Ω—è –±—É–º–±—É–º,–û–±—ä–µ–¥–∏–Ω–µ–Ω–∏–µ –∑—É–º–µ—Ä–æ–≤ –¥–ª—è —Å—Ç—Ä–æ–∏—Ç–µ–ª—å—Å—Ç–≤–∞ —Ñ–µ—Ä–º  –¥—Ä—É–≥–∏—Ö –±–ª–∞–≥ –¥–ª—è –ø—Ä–∏–∫–æ–ª—å–Ω–æ–π –∂–∏–∑–Ω–∏,_zoning_,-25516,-834,600,-3187,-108,20.02.2024,
652,–ë–∞–∑–∞ –ö–ª–æ—É–Ω–∞,,Clown_Leader,-18621,4313,400,-2320,539,20.02.2024,
653,–°—Ç—Ä–∏–Ω–≥–ª–µ–Ω–¥,–ë–∞–∑–∞ HypeTop,HypeTop,-9629,21841,600,-1188,2729,20.02.2024,
654,—Ç–µ—Ä—Ä–∞ lamamow'–∞,,lamamow,-4192,-17,128,-520,-17,20.02.2024,
655,–ì–æ—Ä–ì–æ—Ä–æ–¥ 2,–ó–ê–ü–†–ï–¢–ö–ê!!!!,kanfi_,-3200,-6200,100,-400,-775,21.02.2024,
656,–±–∞–∑–∞ ougiiuu,—è –∂–∏–≤—É –Ω–∞ –æ—Å—Ç—Ä–æ–≤–µ.. –∫—Ä—É—Ç–∞!,ougiiuu,1655,-14480,2000,206,-1820,23.02.2024,-
657,–ü–µ—Ä–µ—Ç–æ—Ä–∏—è,"–¢–µ—Ä—Ä–∏—Ç–æ—Ä–∏—è, —Å–æ—Å—Ç–æ—è—â–∞—è –∏–∑ –ø–æ–ª–æ—Ç–µ–Ω –¥–ª—è –∞—Ä—Ç–æ–≤",moreprodyctZifir,-1646,11903,2000,300,300,23.02.2024,-
658,–º–∞–ø–∞—Ä—Ç–∏–∫–∏ –∫–≤–∞—Ä—Ç–∏–∫—Å–∞,–º–µ—Å—Ç–æ –¥–ª—è –ø–æ—Å—Ç—Ä–æ–π–∫–∏ —Å–∞–º—ã—Ö —Ö–∞–π–ø–æ–≤—ã—Ö –∞—Ä—Ç–æ–≤,1quartix1,2431,27643,600,304,3437,24.02.2024,-
659,—Å–µ–∫—Ä–µ—Ç–Ω–∞—è –¥–∞—á–∞ –≤–µ–æ–∑–ª–∏,,Veozly,-1624,472,500,-203,59,24.02.2024,-
660,Purgatorium,"–ü–æ–ª—É—Ä–∞–∑—Ä—É—à–µ–Ω–Ω—ã–π
–≥–æ—Ä–æ–¥ –≤ –ø–æ—Å—Ç—Å–æ–≤–µ—Ç—Å–∫–æ–π
—Ç–µ–º–∞—Ç–∏–∫–µ",Wh1t3cross,-2080,80,250,260,15,24.02.2024,-
661,–ë–∞–∑–∞ –°–∞—Ö–∞—Ä–∞,–°–∞—Å–∞—Ç—å + –ª–µ–∂–∞—Ç—å,Sugarkiller423,10944,268,1000,1375,33,24.02.2024,-
662,–û—Ä–∞–≤–∞,"–û—Ä–∞–≤–∞ - –±–∞–∑–∞ –¥–≤—É—Ö –ª—é–¥–µ–π
Marabr3 –∏
Kiroshgenka
–Ω–∞ –Ω–µ–π –±—É–¥—É—Ç —Ö—Ä–∞–Ω–∏—Ç
—å —Ä–µ—Å—É—Ä—Å—ã –∏ –≤–æ–∑–º–æ–∂–Ω
–æ —Ñ–∞—Ä–º–∏–ª–∫–∏ –¥–ª—è –∑–∞—Ä–∞–±
–æ—Ç–∫–∞ –∞—Ä–æ–≤",Marabr3,-7200,-2020,300,-900,-250,24.02.2024,-
663,BasedMen base,–ë–∞–∑–∞ –º—É–∂—ã—Ü–∫–∏—Ö –º—É–∂—á–∏–Ω,ChayHot,-8800,-18500,1500,-2310,-910,15.01.2024,-
664,D&D,–¢—É–ø–æ –±–∞–∑–∞ –∏ –∏–≥—Ä—ã D&D,green_org,-3493,-1699,300,-431,-218,26.02.2024,-
665,–ö–æ–º–ø–ª–µ–∫—Å –ª—è–º–±–¥–∞,–¢–µ—Ä—Ä–∏—Ç–æ—Ä–∏—è –¥–ª—è –ª–∏—á–Ω–æ–≥–æ –∏—Å–ø–æ–ª—å–∑–æ–≤–∞–Ω–∏—è,_DuckFry_,-23059,21508,2000,-2884,2689,27.02.2024,
666,–ì–Ω–µ–∑–¥–æ–≤—å–µ,–î–ª—è –±–∞–∑—ã,ARchieriUS,15947,-26710,2000,3341,-1990,28.02.2024,
667,–ë–∞–∑–∞ –∏–≥—Ä–æ–∫–∞ legzy_,"–ë–∞–∑–∞ –∫–æ—Ç–æ—Ä–∞—è –≤ –±—É–¥—É—â–µ–º –ø—Ä–µ–≤—Ä–∞—Ç–∏—Ç—Å—è –≤ –≥–æ—Ä–æ–¥
",legzy_,-4500,18000,500,-565,2240,29.02.2024,
668,IA CHUIU KROV 3,-,VZKILLTURBO2000,-782,9196,100,-111,1161,29.02.2024,
669,–ë–∞–∑–∞ Slizni,–ë–∞–∑–∞ –ø–æ—Å—Ä–µ–¥–∏ –≤–∏—à–Ω–∏ –∏ –ø–æ–ª—è–Ω,Slizni,4194,28243,500,524,3530,29.02.2024,
670,zalupa,-,nikolskiy,-8958,6835,600,1143,850,02.03.2024,-
671,Outer Heaven Motherbase,–°–µ—Ç—å –≤—ã—à–µ–∫ –≤ –æ–∫–µ–∞–Ω–µ –¥–ª—è –≤–æ–µ–Ω–Ω—ã—Ö —Ü–µ–ª–µ–π,owenboxek,-1400,-10245,500,-177,-1286,03.03.2024,-
672,???,-,_AntiLag,-30500,-25500,1500,3812,3187,03.03.2024,-
673,–ë–∞–∑–∞ ugly_Baraka,"–õ–∏—á–Ω–∞—è –±–∞–∑–∞ –∏–≥—Ä–æ–∫–∞ ugly_Baraka 
–¥–ª—è —Ñ–µ—Ä–º –∏ –ª–∏—á–Ω–æ–≥–æ –ø–æ–ª—å–∑–æ–≤–∞–Ω–∏—è",ugly_Baraka,-387,30919,1000,-41,3852,04.03.2024,-
674,—Ñ–µ—Ä–º–∞ —á–µ—Ä–Ω–∏–ª 2210,"—Ñ–µ—Ä–º–∞ —á–µ—Ä–Ω–∏–ª –∑–∞–ø—Ä–µ—Ç–∫–∞
",agent2210,-276,35950,200,-45,4502,07.03.2024,-
675,–¢—é—Ç—é—Ç—é—Ç—é,-, 1mf_,-30125,-700,1000,3765,-100,07.03.2024,
676,"–¢–µ—Ä—Ä–∞ –ª–µ—Ö–∏
–Ω–∞–≤–∞–ª—å–Ω–æ–≥–æ",–®—Ç–∞–± –Ω–∞–≤–∞–ª—å–Ω–æ–≥–æ(–§–ë–ö(–î–≤–æ—Ä–µ—Ü –ø—É—Ç–∏–Ω–∞,Lesha_Navalniy,-21600,-112,1000,-2700,-14,07.03.2024,
677,–§–µ—Ä–º–∞ –∞—Ä–æ–≤,—Ñ–µ—Ä–º–∞ –∞—Ä–æ–≤,"Fremya
MoreprodyctZifir",2400,12000,200,300,1500,09.03.2024,-
678,–ï—â—ë –æ–¥–Ω–∞ —Ç–µ—Ä—Ä–∞ ,–µ—â—ë –æ–¥–Ω–∞ —Ñ–µ—Ä–º–∞,Budashka,-2040,-27821,512,-241,-3445,,
679,–î—É—Ä—Ä–∞–±–µ–π–∑,–°–ê–ú–û–ï –õ–£–ß–®–ï–ï –ú–ï–°–¢–û–û–û –í –ú–ò–†–ï–ï –•–ê–ô–ü,dyrachito,1822,-37122,250,227,-4640,10.03.2024,
680,DibDark,–ª—É—á—à–∞—â–∞—è –∫—Ä–µ–ø–æ—Å—Ç—å –Ω–∞ —Å–ø),artikbuz,371,35,2000,14761,6615,11.03.2024,-
681, –ü–∞—É—á–∏–π –ø–∞—Ä–∫,"–†–µ–∑–∏–¥–µ–Ω—Ü–∏—è Vijihro, –∏ –ø–æ —Å–æ–≤–º–µ—Å—Ç–∏—Ç–µ–ª—å—Å—Ç–≤—É –æ–≥—Ä–æ–º–Ω—ã–π —É—é—Ç–Ω—ã–π –ø–∞—Ä–∫, –ø–æ—Å–≤—è—â–µ–Ω–Ω—ã–π –º–æ–µ–π –≤–æ–∑–ª—é–±–ª–µ–Ω–Ω–æ–π!",Vijihro,15000,-2500,1400,1880,-305,12.03.2024,
682,–§–∞—Ä–º–∏–ª—å–Ω—è,–ó–∞–∫—Ä—ã—Ç–∞—è —Ç–µ—Ä—Ä–∏—Ç–æ—Ä–∏—è —Ñ–µ—Ä–º,V1LaN,8388,-12851,2000,1048,-1607,04.12.2023,
683,–∫–∞—Ä–ø–∏–∫,det er ingen gud,Salatik_Oliver,4260,-33205,700,532,4152,02.01.2024,-
684,–ë–∞–∑–∞ –º–æ—è,-,0_MAYTE_0,-29500,36000,1500,-3690,4500,16.03.2024,
685,–õ–∏—á–Ω–∞—è –ì–∞–≤–∞–Ω—å,–õ–∏—á–Ω–∞—è –±–∞–∑–∞,Dimint,32000,-6100,1000,4030,-720,17.03.2024,-
686,–ó–∏–º–Ω—è—è –∫–∏–±–∏—Ç–∫–∞,–û–±—ã—á–Ω–∞—è —Ö–æ–ª–æ—Å—Ç—è—Ç—Å–∫–∞—è –±–∞–∑–∞ –Ω–∞—Ö–æ–¥—è—â—è—Å—å –≤ –∑–∏–º–Ω–µ–º,mrKAMEH,-1562,18155,150,-195,2269,17.03.2024,
687,–õ–µ—Å–æ—Ä—É–±–∫–∞ –¢–§2,–ö–æ–ø–∞–π –±—Ä–µ–≤–Ω–æ –ø–æ–∫—É–ø–∞–π —É–ª—É—á—à–µ–Ω–∏—è.,mrKAMEH,-906,-7885,250,-113,-985,18.03.2024,
688,–°–≤–∞–ª–∫–∞,"–°–≤–∞–ª–∫–∞, –º—É—Å–æ—Ä, —Ä–∂–∞–≤—á–∏–Ω–∞ –∏ —Ç—Ä—É–ø—ã",rzhaviykvadrat,896,-6627,1000,111,-834,14.03.2024,
689,–ß–í–ö –ï–±–ª–∞–Ω,–ü—Ä–æ—Å—Ç–æ –±–∞–∑–∞ –≤ –∫–æ—Ç–æ—Ä–æ–π –º—ã —Å–æ–±–∏—Ä–∞–µ–º—Å—è –æ–±—É—Å—Ç—Ä–æ–∏—Ç—å—Å—è –∏ –∫–∞–π—Ñ–æ–≤–∞—Ç—å —Å –º–æ–∏–º–∏ –¥—Ä—É–∑—å—è–º–∏,n0werty,341,-15019,245,40,-1879,20.03.2024,
690,Rosenbourg,"–£—é—Ç–Ω—ã–π –∑–∞–ø–∞–¥–Ω–æ–µ–≤—Ä–æ–ø–µ–π—Å–∫–∏–π
–≥–æ—Ä–æ–¥–æ–∫, —Å—Ç—Ä–æ—è—â–∏–π—Å—è –Ω–∞ –ø—Ä–∏–Ω—Ü–∏–ø–∞—Ö –≤—Å–µ–Ω–∞—Ä–æ–¥–Ω–æ–π –¥–µ–º–æ–∫—Ä–∞—Ç–∏–∏.",MrShnyaga,17587,-6350,875,2228,-846,22.02.2024,
691,–ë–∞–∑–∞ –ª—é—Ç–æ–≥–æ —Ö–∞–π–ø–∞,–ñ–∏—Ç—å –±—É–¥—É —Ñ–µ—Ä–º–∞ —Å—Ç—Ä–æ–∏—Ç—å –±—É–¥—É ,TverdniyZnak,255,-33600,500,40,4200,23.03.2024,-
692,–í–µ–ª–∏–∫–∞—è —Å—Ç—Ä–æ–π–∫–∞,"–ó–∞–¥–µ–ª –Ω–∞ –≥–æ—Ä–æ–¥, —Å—Ç—Ä–æ–π–∫–∞",PaIach,-31700,-3800,2000,-3960,475,23.03.2024,-
693,PLOTINO BOBRA,...,mankabober,1400,-35660,1000,183,-4469,23.03.2024,-
694,–§–∞–∑–µ—Ä–ò–Ω–¥–µ—Å—Ç—Ä–∏,–§–µ—Ä–º–∞ —Å–ø—Ä—É—Ç–æ–≤,Fazer__,-20327,2808,100,-2546,344,24.03.2024,-
695,–ü–æ–ª—É–æ—Å—Ç—Ä–æ–≤ romon4ik,"–ü–æ–ª—É–æ—Å—Ç—Ä–æ–≤ —Å –ø—Ä–∏–ª–µ–≥–∞—é—â–µ–π —Ä–µ–∫–æ–π –∏
—á–∞—Å—Ç—å—é –æ–∫–µ–∞–Ω–∞",Mozzit           bobrin0,773,6286,250,104,777,25.03.2024,-
696,–ê–±—É_–î–∞–±–∏,–±–∞–∑–∞ –∂–µ—Å–∫–∞—è,Abu_Dabi21_iz_GY,-15966,-98,2000,-2001,-18,25.03.2024,-
697,qurouq,–ë–∞–∑–∞ –π–æ—É,qurouq,-23345,910,2000,-2912,106,25.03.2024,
698,–§–∞—Ä–º–∏–ª–∫–∞ –æ–ø–∏—Ç–∞,"–ù—É —Ç–∏–ø–∞ –ø–æ—Å—Ç—Ä–æ–∏–ª —Ñ–µ—Ä–º—É –æ–ø—ã—Ç–∞, —Ö–æ—á—É—Å–¥–µ–ª–∞—Ç—å –µ—ë –æ—Ñ–∏—Ü–∏–∞–ª-—å–Ω–æ–π",NEKTORUN,-1325,18383,30,-150,2307,26.03.2024,
699,–§–µ—Ä–º–∞ –º–µ—à–∫–æ–≤,-,NEKTORUN,-1279,18812,200,-147,2359,27.03.2024,-
700,"–•–ê–ô–ü–£–õ–Ø–ù–î–ò–Ø–®,–ú,–ö,–í",–ö–†–£–¢–ê–Ø –¢–ï–†–ê( –ó–ê–ü–†–ï–¢–ö–ê),VerDN,-10922,-192,600,-1373,-19,27.03.2024,
701,–±–∞–∑–∞ –Ω–µ–π–ª–∞–π,–æ—Å–Ω–æ–≤–Ω–∞—è –±–∞–∑–∞ neylayn,neylayn,7104,7743,160,946,994,28.03.2024,
702,–ì–∏–≥–∞ —Ç–µ—Ä–∞ –ø–æ–¥ –∞—Ä—Ç–∏–∫–∏,"–ß–∏—Å—Ç–∞ –ø–æ–¥ –∞—Ä—Ç—ã, —à–æ–± –∞—Ä–∏ —Ö–∞—Å–ª–∏—Ç—å —Å –æ–ª—É—Ö–æ–≤",kAmEnNiY tonechkaaaa,-385,-11204,2000,-51,-1408,30.03.2024,-
703,–ó–∞–ø—Ä–µ—Ç–∫–∞ TheKrav,-,TheKrav,249,-37423,500,39,-4692,01.04.2024,
704,–ë–∞–∑–∞-–æ—Å–Ω–æ–≤–∞,"–§–µ—Ä–º—ã, —Å–∫–ª–∞–¥ –∏ –ø—Ä–æ—á–µ–µ",Mr4ay,-36000,-36000,2000,-4500,-4500,04.04.2024,-
705,Ferma,–æ—Å–Ω–æ–≤–Ω–∞—è –±–∞–∑–∞,Antarctic19,1300,26100,1500,165,3260,04.04.2024,-
706,–¢–µ—Ä–∏—Ç–æ—Ä—Ä–∏—è –®—É–ª–∏–æ–Ω–∞,–ù—É —ç—Ç–æ –±–∞–∑–∞ –¥–ª—è —Ñ–µ—Ä–º —Ç–∞–º –≤—Å—è–∫–∏—Ö –∏ —è —Ç–∞–º –¥–æ–º–∏–∫ –ø–æ—Å—Ç—Ä–æ—é,MasterShulion,6770,-34870,1650,846,-4358,05.04.2024,-
707,td98,–ë–∞–∑–∞ td98,tuid_,10080,-9601,250,1400,-1200,05.04.2024,-
708,"""OTS""",–¢—É—Ç –ï–¥–∏–Ω–æ—Ä–æ–≥–∏ –ø—å—é—Ç –ø–∏–≤–æ,razdorozhnaia,5800,-5800,260,707,-727,06.04.2024,-
709,Based Base,Ultra pro gigachad sigma –±–∞–∑–∞ –∏–≥—Ä–æ–∫–∞ FriendlyCreeperr,FriendlyCreeperr,-3000,-36500,1500,8686,-318,07.04.2024,-
710,MasterShulion Base,–ú–æ—è –∂–µ—Å—Ç–∫–∞—è –ë–∞–∑–∞ –Ω–∞ –∫–æ—Ç–æ—Ä–æ–π —Ñ–µ—Ä–º—ã –∏ –º–æ–π –ø–æ—Ä—Ç–∞–ª –Ω–∞ –º–æ—é –∂–µ—Å—Ç–∫,MasterShulion,7280,34824,500,910,-4353,07.04.2024,-
711,–ù–æ–≤–∏ –ë–∞–∑–∞,–ù–æ–≤–∏ –ë–∞–∑–∞,maxi_capybara,-2830,-13238,850,-353,-1703,07.04.2024,-
712,–ú—ã—à–∫–∏–Ω—Å–∫–∞—è —Ç–µ—Ä—Ä–∞.,–¢–µ—Ä—Ä–∏—Ç–æ—Ä–∏—è –¥–ª—è –ª–∏—á–Ω—ã—Ö –Ω—É–∂–¥ –≥–æ—Ä–æ–¥–∞ –ú—ã—à–∫–∏–Ω.,zxCy4eHok APCHItik,-30404,-19384,2000,-3800,-2371,07.04.2024,-
713,—Ç–µ—Ä–∞ M0delLa,—Ç–æ–ø –∫—Ä—É,M0delLa,-3544,-1936,300,-443,-242,07.04.2024,
714,TikTokHouse,–ó–∞–ø—Ä–µ—Ç–∫–∞,mmmmmik,482,5623,200,50,700,09.04.2024,-
715,–¢–µ—Ä—Ä–∏—Ç–æ—Ä–∏—è bloggigo1,"—Ç–µ—Ä—Ä–∏—Ç–æ—Ä–∏—è —Å –±–∞–∑–æ–π –∏ –ø–æ—Å—Ç—Ä–æ–π–∫–∞–º–∏, —Ñ–µ—Ä–º–∞–º–∏ bloggigo1",bloggigo1,460,26313,200,57,3289,10.04.2024,
716,–´–∞—ã–∞—ç–≤,–¢—É—Ç –µ—Å—Ç—å –º–µ—Å—Ç–æ –≤ –æ–∫–µ–∞–Ω–µ –≥–¥–µ –≤—Å–µ–≥–æ –Ω–∞ 1 –±–ª–æ–∫ —Ä–∞–≤–Ω–∏–Ω–∞,Budashka,-6327,-32259,1000,-781,-4029,11.04.2024,
717,–ë–∞–∑–∞ –ö–∞–ø—É—Å—Ç–∏–∫–∞,–û–≥–æ—Ä–æ–¥,kapystik,-33490,3732,-4186,-4186,465,16.04.2024,
718,–¢–µ—Ä—Ä–∏—Ç–æ—Ä–∏—è BellaDNCat,–¢–µ—Ä—Ä–∏—Ç–æ—Ä–∏—è –ñ–µ—Å–∫–∏—Ö –î—Ä—É–∑–µ–π,BellaDNCat,4000,8400,500,499,1050,15.04.2024,
719,–¢–∏–ø–æ —Ç–µ—Ä–∞,–Ø–º–∞,Super_Klepa,5297,-10683,600,649,-1326,17.04.2024,
720,–°–∫–ª–∞–¥–æ–≤—Å–∫–∞—è,-,Jake81i,17522,1449,250,2190,181,21.04.2024,
721,–î–æ–º–∏–∫,–¢–∏—Ö–∏–π —É–≥–æ–ª–æ–∫ –ø—Ä–æ –∫–æ—Ç–æ—Ä—ã–π –Ω–∏–∫—Ç–æ –Ω–µ —É–∑–Ω–∞–µ—Ç...,Evka0vevkov1ch,22500,-24500,2000,2812,-3062,21.04.2024,
722,–¢—Ä–µ–ø-—Ö–∞—Ç–∞ –ú–µ—Ñ–∞,–ñ–µ—Å—Ç–∫–∏–π –±–ª—è–¥—É—à–Ω–∏–∫,_Mef_,-47,9008,200,-16,1128,24.11.2023,
723,–ë–∞–≥—Ä–æ–≤–∞—è –±–∞–∑–∞,–ë–∞–∑–∞ –æ–±—â–µ–∂–∏—Ç–∏–µ –¥–ª—è –Ω—É–∂–¥–∞—é—â–∏—Ö—Å—è,Hi_Haiden,-8149,-1098,38,-1019,-137,23.04.2024,
724,TNS,–∫–∞–≤–æ? –¥–µ–¥–∞,BetaTrail,-4862,21657,1000,-616,2700,25.04.2024,
725,–ó–í 3000,–∑–∞–ø—Ä–µ—Ç–∫–∞,semeone,23513,-4927,500,2905,-635,28.04.2024,
726,–ë–∞—à–Ω—è –ú–∞–≥–æ–≤,"–ë–∞–∑–∞ LKGF –∏ _FluruS_
–≤—ã–ø–æ–ª–Ω–µ–Ω–Ω–∞—è –≤ —Å—Ç–∏–ª–µ
2-—É—Ö –º–∞–≥–∏—á–µ—Å–∫–∏—Ö –±–∞—à–µ–Ω",LKGF,494,-1141,100,3,-94,28.04.2024,
727,Backrooms,"–±–µ—Å–∫–æ–Ω–µ—á–Ω—ã–µ –∫–æ—Ä–∏–¥–æ—Ä—ã, –º–Ω–æ–≥–æ 
—É—Ä–æ–≤–Ω–µ–π... –±–∞–∑–∞ –≤ —Å—Ç–∏–ª–µ –∑–∞–∫—É–ª–∏—Å—å—è",ArtBo,33673,1618,200,4219,209,03.05.2024,
728,LanlokBase,–ë–∞–∑–∞ Lanlok'–∞. –•–æ—Ç—è —Å–∫–æ—Ä–µ–µ —Å–∫–ª–∞–¥,Lanlok,-4317,-465,100,-540,-56,29.04.2024,
729,–ö—É—Ä-–¥–µ-–§–æ–Ω—Ç–µ–π–Ω –Æ–ó+,"–û–¥–∏–Ω –∏–∑ —Å–µ–º–∏ —Ä–µ–≥–∏–æ–Ω–æ–≤ –¢–µ–π–≤–∞—Ç–∞. –≠—Ç–æ –∫–æ—Ä–æ–ª–µ–≤—Å—Ç–≤–æ, –ø–æ–∫–ª–æ–Ω—è—é—â–µ–µ—Å—è –§–æ–∫–∞–ª–æ—Ä—Å, –ì–∏–¥—Ä–æ –ê—Ä—Ö–æ–Ω—Ç—É –∏ –±–æ–≥–∏–Ω–µ –°–ø—Ä–∞–≤–µ–¥–ª–∏–≤–æ—Å—Ç–∏",DizWasTaken,-20000,26000,2000,-2500,3250,05.05.2024,
730,–¢–∞–π—Ç–æ–Ω,"–ì–æ—Ä–æ–¥ –≤ —Å—Ç–∏–ª–µ ""–ó–≤—ë–∑–¥–Ω—ã–µ –≤–æ–π–Ω—ã"" –ü–ª–∞–Ω–µ—Ç–∞ –Ω–∞ –∫–æ—Ç–æ—Ä–æ–π –ø–æ—è–≤–∏–ª–∏—Å—å –ø–µ—Ä–≤—ã–µ –¥–∂–µ–¥–∞–∏ –∏ —Ç–∞–∫ –∂–µ –∑–¥–µ—Å—å –æ—Å–Ω–æ–≤–∞–ª–∏ ""–û—Ä–¥–µ–Ω –¥–∂–µ–¥–∞–µ–≤""",_Koja,1000,28500,1000,125,3560,06.05.2024,
731,Z–æ–º–±–∏O–ø—Ç–∏–º—É—ÅV–ª–∞–¥,—á–µ–∫–∞–π –Ω–∞–∑–≤–∞–Ω–∏–µ,Vakinjopas,11908,4391,500,1488,549,06.05.2024,
732,–í–∏–ª—å—Å–∞–Ω—Ç,–ú–æ—è –±–∞–∑–∞. –ë–æ–ª—å—à–∞—è —á–∞—Å—Ç—å –Ω–∞—Ö–æ–¥–∏—Ç—Å—è –≤ –Ω–µ–∑–µ—Ä–µ. –ü–†–ò–ó–ù–ê–Æ –¢–ï–†–†–ò–¢–û–†–ò–Æ –ê–î–ê –í –†–ê–î–ò–£–°–ï 250 –ë–õ–û–ö–û–í (2000 : 8) –ú–û–ï–ô. –ò –•–ê–ô–ü–ï–†–õ–£–ü–ê –¢–û–ñ –ú–û–Ø.,Skorvod,11200,21600,2000,1400,2700,06.05.2024,
733,–ë–∞–∑–∞ –¢–æ—Ä–∏,"–î–∞ –∑–¥—Ä–∞–≤—Å—Ç–≤—É–µ—Ç –æ—Å–æ–±–Ω—è–∫–∏ –º–µ–Ω–∏ –¢–æ—Ä–∏, –¥–æ–≤–æ–ª—å–Ω–æ –±–æ–ª—å—à–æ–π –∏ –¥–æ—Ä–æ–≥–æ–π. 52 –Ω–∞—à–∏–º",Lookkiller,16441,1641,2000,2061,202,06.05.2024,
734,"–ö–∞–º–µ–Ω–æ–ª–æ–º–Ω—è ""TF2""","–ö–æ–ø–∞–π –∫–∞–º–µ–Ω—å
   –°–¥–∞–≤–∞–π –∫–∞–º–µ–Ω—å
  –ü–æ–ª—É—á–∞–π –∞—Ä—ã –∏–ª–∏
 –¥—Ä—É–≥–∏–µ —à—Ç—É–∫–∏",mrKAMEH,3400,-7500,300,425,-937,08.05.2024,
735,–ü—É–ø—É–ø—É,–í–∞—É —á—ë —Ä–µ–∞–ª –≤–Ω–∞—Ç—É—Ä–µ,EterN1aLMoyKotik,-5347,-11224,1000,-668,-1402,08.05.2024,
736,–õ–∞–±–æ—Ä–∞—Ç–æ—Ä–∏—è Jabi,"–õ—É—á—à–∞—è —è–º–∞, –∫–æ—Ç–æ—Ä—É—é –∫–æ–≥–¥–∞ –ª–∏–±–æ

–≤–∏–¥–µ–ª –±–µ–ª—ã–π —Å–≤–µ—Ç. 

–ê–≤–µ –í–µ—Ä–¥–µ–Ω!

",Jabochca_Soviet,-19880,-3815,2000,-2500,-12,09.05.2024,
737,–ë–∞–∑–∞–º–±–æ—Å—Å Slaut1x,–ú–µ—Å—Ç–æ –∂–∏—Ç–µ–ª—å—Å—Ç–≤–∞ —Å–æ–ª–æ —Ç—é–±–∏–∫–∞,Slautix,-34262,4206,1500,-4285,547,08.05.2024,
738,–•–∞–π–ø –ë–∞–∑–∞," –û–≥—Ä–æ–º–Ω–π —ç–ª–∏—Ç–Ω—ã–π –¥–æ–º,
 –º–Ω–æ–≥–æ –∞–≤—Ç–æ—Ñ–µ—Ä–º,
 –µ—Å—Ç—å —Ñ–µ—Ä–º–∞ —Å–æ —Å–ø–∞–≤–Ω–µ—Ä–∞–º–∏,
 –±–æ–ª—å—à–∞—è —Ç–µ—Ä—Ä–∏—Ç–æ—Ä–∏—è
–¥–ª—è –ø—Ä–æ—Å—Ç–æ—Ä–∞ –º—ã—Å–ª–µ–π",mrkorzhik,-24683,-3792,1000,-3086,-470,10.05.2024,
739,–¢–∏–ø–æ–Ø–º–∞,–ñ–µ—Å–∫–∏–µ –∑–∞–±–∏–≤–µ—Ä—ã —Å 2b2t,Super_Klepa,4280,240,1000,525,86,11.05.2024,
740,–ë–∞–∑–∞ L0L0R,–ë–∞–∑–∞,L0L0R,-22700,-33610,1000,-2835,-4200,12.05.2024,-
741,–ù–æ–≤–æ–ø–µ—Ä–¥–µ–ª–∫–∏–Ω–æ,-,bogdannewbalance,2550,-16970,500,318,-2123,12.05.2024,
742,_VolTar_,-,_VolTar_,-28812,-6284,500,-3617,-773,12.05.2024,
743,–ë–∞–∑–∞ –ì—Ä–∏–±–≤–∏–ª—è,–õ–∏—á–Ω–∞—è –±–∞–∑–∞ –∏–≥—Ä–æ–∫–∞ 1ev_,1ev_,11500,5300,500,1440,660,13.05.2024,
744,–î–∞—á–∞,–¥–∞—á–∞ —Ñ–ª–∏—Ä–∏ –ª–∞–π–º–∞,fliri_lime,12407,-26037,1000,1550,-3254,13.05.2024,
745,–ê–≤–∞–Ω–ø–æ—Å—Ç - –ù–æ–ª—å,"–ú–µ—Å—Ç–æ –ø—Ä–æ–º—ã—à–ª–µ–Ω–Ω–æ–π –¥–æ–±—ã—á–∏ —Ä–µ—Å—É—Ä—Å–æ–≤, –Ω–∞—Ö–æ–¥—è—â–∏–µ—Å—è –ø–æ–¥ –∫–æ–Ω—Ç—Ä–æ–ª–µ–º –ö–æ–ª–æ–Ω–∏–∏ ""B.C.243.a",Mr_Zabeiaka,-30706,-9608,2000,-3838,-1201,14.05.2024,
746,–û–≥–æ—Ä–æ–¥,–ü—Ä–æ—Å—Ç–æ –ª–∏—á–Ω–∞—è –±–∞–∑–∞ –∏–≥—Ä–æ–∫–∞ kapystik,–û–≥–æ—Ä–æ–¥,-24154,-3274,1000,-3019,-408,17.05.2024,
747,–ó–µ–º–ª–∏ –í–µ—á–Ω–æ–π –ó–∏–º—ã,–¢–µ—Ä—Ä–∞ –¥–ª—è —Ñ–µ—Ä–º –¶–µ–Ω—Ç—Ä–∞ –ö–æ–º—Ñ–æ—Ä—Ç–∞,MisterDef,-35500,8200,2000,-4437,1025,19.05.2024,
748,–•–∞—Å–ª M0delLa,—Ç–µ—Ä–∞ M0delLa –¥–ª—è —Ö–∞—Å–ª–∞,M0delLa,-25294,-6417,1000,-3145,-800,20.05.2024,-